git_status,path,previous_path,baseline_commit,implementation_commit
A,.env.example,,5cee2a6ac2fa11be20adf30cb833382718093983,df8a344ee7fa9ca3cf0cc7d392c0758285abb5a1
M,.github/workflows/ci.yml,,5cee2a6ac2fa11be20adf30cb833382718093983,df8a344ee7fa9ca3cf0cc7d392c0758285abb5a1
M,.gitignore,,5cee2a6ac2fa11be20adf30cb833382718093983,df8a344ee7fa9ca3cf0cc7d392c0758285abb5a1
M,README.md,,5cee2a6ac2fa11be20adf30cb833382718093983,df8a344ee7fa9ca3cf0cc7d392c0758285abb5a1
M,SorTV1_Digital_Twin_Web_v1.0/sortv1-digital-twin/data/components.json,,5cee2a6ac2fa11be20adf30cb833382718093983,df8a344ee7fa9ca3cf0cc7d392c0758285abb5a1
D,SorTV1_Digital_Twin_Web_v1.0/sortv1-digital-twin/dist/README.md,,5cee2a6ac2fa11be20adf30cb833382718093983,df8a344ee7fa9ca3cf0cc7d392c0758285abb5a1
D,SorTV1_Digital_Twin_Web_v1.0/sortv1-digital-twin/dist/data/acceptance.json,,5cee2a6ac2fa11be20adf30cb833382718093983,df8a344ee7fa9ca3cf0cc7d392c0758285abb5a1
D,SorTV1_Digital_Twin_Web_v1.0/sortv1-digital-twin/dist/data/acceptance_simulation.json,,5cee2a6ac2fa11be20adf30cb833382718093983,df8a344ee7fa9ca3cf0cc7d392c0758285abb5a1
D,SorTV1_Digital_Twin_Web_v1.0/sortv1-digital-twin/dist/data/assembly.json,,5cee2a6ac2fa11be20adf30cb833382718093983,df8a344ee7fa9ca3cf0cc7d392c0758285abb5a1
D,SorTV1_Digital_Twin_Web_v1.0/sortv1-digital-twin/dist/data/audit.json,,5cee2a6ac2fa11be20adf30cb833382718093983,df8a344ee7fa9ca3cf0cc7d392c0758285abb5a1
D,SorTV1_Digital_Twin_Web_v1.0/sortv1-digital-twin/dist/data/bom.json,,5cee2a6ac2fa11be20adf30cb833382718093983,df8a344ee7fa9ca3cf0cc7d392c0758285abb5a1
D,SorTV1_Digital_Twin_Web_v1.0/sortv1-digital-twin/dist/data/bom_baseline.json,,5cee2a6ac2fa11be20adf30cb833382718093983,df8a344ee7fa9ca3cf0cc7d392c0758285abb5a1
D,SorTV1_Digital_Twin_Web_v1.0/sortv1-digital-twin/dist/data/browser_qa.json,,5cee2a6ac2fa11be20adf30cb833382718093983,df8a344ee7fa9ca3cf0cc7d392c0758285abb5a1
D,SorTV1_Digital_Twin_Web_v1.0/sortv1-digital-twin/dist/data/commissioning.json,,5cee2a6ac2fa11be20adf30cb833382718093983,df8a344ee7fa9ca3cf0cc7d392c0758285abb5a1
D,SorTV1_Digital_Twin_Web_v1.0/sortv1-digital-twin/dist/data/components.json,,5cee2a6ac2fa11be20adf30cb833382718093983,df8a344ee7fa9ca3cf0cc7d392c0758285abb5a1
D,SorTV1_Digital_Twin_Web_v1.0/sortv1-digital-twin/dist/data/connectors.json,,5cee2a6ac2fa11be20adf30cb833382718093983,df8a344ee7fa9ca3cf0cc7d392c0758285abb5a1
D,SorTV1_Digital_Twin_Web_v1.0/sortv1-digital-twin/dist/data/dimensions.json,,5cee2a6ac2fa11be20adf30cb833382718093983,df8a344ee7fa9ca3cf0cc7d392c0758285abb5a1
D,SorTV1_Digital_Twin_Web_v1.0/sortv1-digital-twin/dist/data/fault_simulation.json,,5cee2a6ac2fa11be20adf30cb833382718093983,df8a344ee7fa9ca3cf0cc7d392c0758285abb5a1
D,SorTV1_Digital_Twin_Web_v1.0/sortv1-digital-twin/dist/data/faults.json,,5cee2a6ac2fa11be20adf30cb833382718093983,df8a344ee7fa9ca3cf0cc7d392c0758285abb5a1
D,SorTV1_Digital_Twin_Web_v1.0/sortv1-digital-twin/dist/data/groups.json,,5cee2a6ac2fa11be20adf30cb833382718093983,df8a344ee7fa9ca3cf0cc7d392c0758285abb5a1
D,SorTV1_Digital_Twin_Web_v1.0/sortv1-digital-twin/dist/data/model_manifest.json,,5cee2a6ac2fa11be20adf30cb833382718093983,df8a344ee7fa9ca3cf0cc7d392c0758285abb5a1
D,SorTV1_Digital_Twin_Web_v1.0/sortv1-digital-twin/dist/data/normal_cycle.json,,5cee2a6ac2fa11be20adf30cb833382718093983,df8a344ee7fa9ca3cf0cc7d392c0758285abb5a1
D,SorTV1_Digital_Twin_Web_v1.0/sortv1-digital-twin/dist/data/pinout.json,,5cee2a6ac2fa11be20adf30cb833382718093983,df8a344ee7fa9ca3cf0cc7d392c0758285abb5a1
D,SorTV1_Digital_Twin_Web_v1.0/sortv1-digital-twin/dist/data/protocol.json,,5cee2a6ac2fa11be20adf30cb833382718093983,df8a344ee7fa9ca3cf0cc7d392c0758285abb5a1
D,SorTV1_Digital_Twin_Web_v1.0/sortv1-digital-twin/dist/data/risks.json,,5cee2a6ac2fa11be20adf30cb833382718093983,df8a344ee7fa9ca3cf0cc7d392c0758285abb5a1
D,SorTV1_Digital_Twin_Web_v1.0/sortv1-digital-twin/dist/data/software.json,,5cee2a6ac2fa11be20adf30cb833382718093983,df8a344ee7fa9ca3cf0cc7d392c0758285abb5a1
D,SorTV1_Digital_Twin_Web_v1.0/sortv1-digital-twin/dist/data/sources.json,,5cee2a6ac2fa11be20adf30cb833382718093983,df8a344ee7fa9ca3cf0cc7d392c0758285abb5a1
D,SorTV1_Digital_Twin_Web_v1.0/sortv1-digital-twin/dist/data/states.json,,5cee2a6ac2fa11be20adf30cb833382718093983,df8a344ee7fa9ca3cf0cc7d392c0758285abb5a1
D,SorTV1_Digital_Twin_Web_v1.0/sortv1-digital-twin/dist/data/storyboard.json,,5cee2a6ac2fa11be20adf30cb833382718093983,df8a344ee7fa9ca3cf0cc7d392c0758285abb5a1
D,SorTV1_Digital_Twin_Web_v1.0/sortv1-digital-twin/dist/data/traceability.json,,5cee2a6ac2fa11be20adf30cb833382718093983,df8a344ee7fa9ca3cf0cc7d392c0758285abb5a1
D,SorTV1_Digital_Twin_Web_v1.0/sortv1-digital-twin/dist/data/views.json,,5cee2a6ac2fa11be20adf30cb833382718093983,df8a344ee7fa9ca3cf0cc7d392c0758285abb5a1
D,SorTV1_Digital_Twin_Web_v1.0/sortv1-digital-twin/dist/data/wiring.json,,5cee2a6ac2fa11be20adf30cb833382718093983,df8a344ee7fa9ca3cf0cc7d392c0758285abb5a1
D,SorTV1_Digital_Twin_Web_v1.0/sortv1-digital-twin/dist/docs/architecture.md,,5cee2a6ac2fa11be20adf30cb833382718093983,df8a344ee7fa9ca3cf0cc7d392c0758285abb5a1
D,SorTV1_Digital_Twin_Web_v1.0/sortv1-digital-twin/dist/docs/assembly.md,,5cee2a6ac2fa11be20adf30cb833382718093983,df8a344ee7fa9ca3cf0cc7d392c0758285abb5a1
D,SorTV1_Digital_Twin_Web_v1.0/sortv1-digital-twin/dist/docs/figures/E01.png,,5cee2a6ac2fa11be20adf30cb833382718093983,df8a344ee7fa9ca3cf0cc7d392c0758285abb5a1
D,SorTV1_Digital_Twin_Web_v1.0/sortv1-digital-twin/dist/docs/figures/V01.png,,5cee2a6ac2fa11be20adf30cb833382718093983,df8a344ee7fa9ca3cf0cc7d392c0758285abb5a1
D,SorTV1_Digital_Twin_Web_v1.0/sortv1-digital-twin/dist/docs/figures/V06.png,,5cee2a6ac2fa11be20adf30cb833382718093983,df8a344ee7fa9ca3cf0cc7d392c0758285abb5a1
D,SorTV1_Digital_Twin_Web_v1.0/sortv1-digital-twin/dist/docs/figures/V08.png,,5cee2a6ac2fa11be20adf30cb833382718093983,df8a344ee7fa9ca3cf0cc7d392c0758285abb5a1
D,SorTV1_Digital_Twin_Web_v1.0/sortv1-digital-twin/dist/docs/figures/V09.png,,5cee2a6ac2fa11be20adf30cb833382718093983,df8a344ee7fa9ca3cf0cc7d392c0758285abb5a1
D,SorTV1_Digital_Twin_Web_v1.0/sortv1-digital-twin/dist/docs/figures/V10.png,,5cee2a6ac2fa11be20adf30cb833382718093983,df8a344ee7fa9ca3cf0cc7d392c0758285abb5a1
D,SorTV1_Digital_Twin_Web_v1.0/sortv1-digital-twin/dist/docs/figures/V11.png,,5cee2a6ac2fa11be20adf30cb833382718093983,df8a344ee7fa9ca3cf0cc7d392c0758285abb5a1
D,SorTV1_Digital_Twin_Web_v1.0/sortv1-digital-twin/dist/docs/figures/V12.png,,5cee2a6ac2fa11be20adf30cb833382718093983,df8a344ee7fa9ca3cf0cc7d392c0758285abb5a1
D,SorTV1_Digital_Twin_Web_v1.0/sortv1-digital-twin/dist/docs/figures/V13.png,,5cee2a6ac2fa11be20adf30cb833382718093983,df8a344ee7fa9ca3cf0cc7d392c0758285abb5a1
D,SorTV1_Digital_Twin_Web_v1.0/sortv1-digital-twin/dist/docs/figures/V14.png,,5cee2a6ac2fa11be20adf30cb833382718093983,df8a344ee7fa9ca3cf0cc7d392c0758285abb5a1
D,SorTV1_Digital_Twin_Web_v1.0/sortv1-digital-twin/dist/docs/figures/V15.png,,5cee2a6ac2fa11be20adf30cb833382718093983,df8a344ee7fa9ca3cf0cc7d392c0758285abb5a1
D,SorTV1_Digital_Twin_Web_v1.0/sortv1-digital-twin/dist/docs/figures/V16.png,,5cee2a6ac2fa11be20adf30cb833382718093983,df8a344ee7fa9ca3cf0cc7d392c0758285abb5a1
D,SorTV1_Digital_Twin_Web_v1.0/sortv1-digital-twin/dist/docs/figures/V17.png,,5cee2a6ac2fa11be20adf30cb833382718093983,df8a344ee7fa9ca3cf0cc7d392c0758285abb5a1
D,SorTV1_Digital_Twin_Web_v1.0/sortv1-digital-twin/dist/docs/figures/V19.png,,5cee2a6ac2fa11be20adf30cb833382718093983,df8a344ee7fa9ca3cf0cc7d392c0758285abb5a1
D,SorTV1_Digital_Twin_Web_v1.0/sortv1-digital-twin/dist/docs/figures/V20.png,,5cee2a6ac2fa11be20adf30cb833382718093983,df8a344ee7fa9ca3cf0cc7d392c0758285abb5a1
D,SorTV1_Digital_Twin_Web_v1.0/sortv1-digital-twin/dist/docs/production-contracts.md,,5cee2a6ac2fa11be20adf30cb833382718093983,df8a344ee7fa9ca3cf0cc7d392c0758285abb5a1
D,SorTV1_Digital_Twin_Web_v1.0/sortv1-digital-twin/dist/docs/simulation.md,,5cee2a6ac2fa11be20adf30cb833382718093983,df8a344ee7fa9ca3cf0cc7d392c0758285abb5a1
D,SorTV1_Digital_Twin_Web_v1.0/sortv1-digital-twin/dist/docs/wiring.md,,5cee2a6ac2fa11be20adf30cb833382718093983,df8a344ee7fa9ca3cf0cc7d392c0758285abb5a1
D,SorTV1_Digital_Twin_Web_v1.0/sortv1-digital-twin/dist/favicon.svg,,5cee2a6ac2fa11be20adf30cb833382718093983,df8a344ee7fa9ca3cf0cc7d392c0758285abb5a1
D,SorTV1_Digital_Twin_Web_v1.0/sortv1-digital-twin/dist/index.html,,5cee2a6ac2fa11be20adf30cb833382718093983,df8a344ee7fa9ca3cf0cc7d392c0758285abb5a1
D,SorTV1_Digital_Twin_Web_v1.0/sortv1-digital-twin/dist/models/README.md,,5cee2a6ac2fa11be20adf30cb833382718093983,df8a344ee7fa9ca3cf0cc7d392c0758285abb5a1
D,SorTV1_Digital_Twin_Web_v1.0/sortv1-digital-twin/dist/package-lock.json,,5cee2a6ac2fa11be20adf30cb833382718093983,df8a344ee7fa9ca3cf0cc7d392c0758285abb5a1
D,SorTV1_Digital_Twin_Web_v1.0/sortv1-digital-twin/dist/package.json,,5cee2a6ac2fa11be20adf30cb833382718093983,df8a344ee7fa9ca3cf0cc7d392c0758285abb5a1
D,SorTV1_Digital_Twin_Web_v1.0/sortv1-digital-twin/dist/serve.mjs,,5cee2a6ac2fa11be20adf30cb833382718093983,df8a344ee7fa9ca3cf0cc7d392c0758285abb5a1
D,SorTV1_Digital_Twin_Web_v1.0/sortv1-digital-twin/dist/src/actuators/MG996R.js,,5cee2a6ac2fa11be20adf30cb833382718093983,df8a344ee7fa9ca3cf0cc7d392c0758285abb5a1
D,SorTV1_Digital_Twin_Web_v1.0/sortv1-digital-twin/dist/src/actuators/Nema17.js,,5cee2a6ac2fa11be20adf30cb833382718093983,df8a344ee7fa9ca3cf0cc7d392c0758285abb5a1
D,SorTV1_Digital_Twin_Web_v1.0/sortv1-digital-twin/dist/src/actuators/RotorController.js,,5cee2a6ac2fa11be20adf30cb833382718093983,df8a344ee7fa9ca3cf0cc7d392c0758285abb5a1
D,SorTV1_Digital_Twin_Web_v1.0/sortv1-digital-twin/dist/src/core/Clock.js,,5cee2a6ac2fa11be20adf30cb833382718093983,df8a344ee7fa9ca3cf0cc7d392c0758285abb5a1
D,SorTV1_Digital_Twin_Web_v1.0/sortv1-digital-twin/dist/src/core/DigitalTwin.js,,5cee2a6ac2fa11be20adf30cb833382718093983,df8a344ee7fa9ca3cf0cc7d392c0758285abb5a1
D,SorTV1_Digital_Twin_Web_v1.0/sortv1-digital-twin/dist/src/core/EventBus.js,,5cee2a6ac2fa11be20adf30cb833382718093983,df8a344ee7fa9ca3cf0cc7d392c0758285abb5a1
D,SorTV1_Digital_Twin_Web_v1.0/sortv1-digital-twin/dist/src/core/SimulationEngine.js,,5cee2a6ac2fa11be20adf30cb833382718093983,df8a344ee7fa9ca3cf0cc7d392c0758285abb5a1
D,SorTV1_Digital_Twin_Web_v1.0/sortv1-digital-twin/dist/src/core/StateMachine.js,,5cee2a6ac2fa11be20adf30cb833382718093983,df8a344ee7fa9ca3cf0cc7d392c0758285abb5a1
D,SorTV1_Digital_Twin_Web_v1.0/sortv1-digital-twin/dist/src/electronics/DRV8825.js,,5cee2a6ac2fa11be20adf30cb833382718093983,df8a344ee7fa9ca3cf0cc7d392c0758285abb5a1
D,SorTV1_Digital_Twin_Web_v1.0/sortv1-digital-twin/dist/src/electronics/FuseSystem.js,,5cee2a6ac2fa11be20adf30cb833382718093983,df8a344ee7fa9ca3cf0cc7d392c0758285abb5a1
D,SorTV1_Digital_Twin_Web_v1.0/sortv1-digital-twin/dist/src/electronics/HX711.js,,5cee2a6ac2fa11be20adf30cb833382718093983,df8a344ee7fa9ca3cf0cc7d392c0758285abb5a1
D,SorTV1_Digital_Twin_Web_v1.0/sortv1-digital-twin/dist/src/electronics/Pico.js,,5cee2a6ac2fa11be20adf30cb833382718093983,df8a344ee7fa9ca3cf0cc7d392c0758285abb5a1
D,SorTV1_Digital_Twin_Web_v1.0/sortv1-digital-twin/dist/src/electronics/PowerSystem.js,,5cee2a6ac2fa11be20adf30cb833382718093983,df8a344ee7fa9ca3cf0cc7d392c0758285abb5a1
D,SorTV1_Digital_Twin_Web_v1.0/sortv1-digital-twin/dist/src/electronics/RaspberryPi.js,,5cee2a6ac2fa11be20adf30cb833382718093983,df8a344ee7fa9ca3cf0cc7d392c0758285abb5a1
D,SorTV1_Digital_Twin_Web_v1.0/sortv1-digital-twin/dist/src/electronics/Relay.js,,5cee2a6ac2fa11be20adf30cb833382718093983,df8a344ee7fa9ca3cf0cc7d392c0758285abb5a1
D,SorTV1_Digital_Twin_Web_v1.0/sortv1-digital-twin/dist/src/electronics/XL4005.js,,5cee2a6ac2fa11be20adf30cb833382718093983,df8a344ee7fa9ca3cf0cc7d392c0758285abb5a1
D,SorTV1_Digital_Twin_Web_v1.0/sortv1-digital-twin/dist/src/engineering/Engineering.js,,5cee2a6ac2fa11be20adf30cb833382718093983,df8a344ee7fa9ca3cf0cc7d392c0758285abb5a1
D,SorTV1_Digital_Twin_Web_v1.0/sortv1-digital-twin/dist/src/engineering/TestCenter.js,,5cee2a6ac2fa11be20adf30cb833382718093983,df8a344ee7fa9ca3cf0cc7d392c0758285abb5a1
D,SorTV1_Digital_Twin_Web_v1.0/sortv1-digital-twin/dist/src/evidence/EventLogger.js,,5cee2a6ac2fa11be20adf30cb833382718093983,df8a344ee7fa9ca3cf0cc7d392c0758285abb5a1
D,SorTV1_Digital_Twin_Web_v1.0/sortv1-digital-twin/dist/src/evidence/JsonlExporter.js,,5cee2a6ac2fa11be20adf30cb833382718093983,df8a344ee7fa9ca3cf0cc7d392c0758285abb5a1
D,SorTV1_Digital_Twin_Web_v1.0/sortv1-digital-twin/dist/src/main.js,,5cee2a6ac2fa11be20adf30cb833382718093983,df8a344ee7fa9ca3cf0cc7d392c0758285abb5a1
D,SorTV1_Digital_Twin_Web_v1.0/sortv1-digital-twin/dist/src/mechanical/Bearings.js,,5cee2a6ac2fa11be20adf30cb833382718093983,df8a344ee7fa9ca3cf0cc7d392c0758285abb5a1
D,SorTV1_Digital_Twin_Web_v1.0/sortv1-digital-twin/dist/src/mechanical/Cabinet.js,,5cee2a6ac2fa11be20adf30cb833382718093983,df8a344ee7fa9ca3cf0cc7d392c0758285abb5a1
D,SorTV1_Digital_Twin_Web_v1.0/sortv1-digital-twin/dist/src/mechanical/Gate.js,,5cee2a6ac2fa11be20adf30cb833382718093983,df8a344ee7fa9ca3cf0cc7d392c0758285abb5a1
D,SorTV1_Digital_Twin_Web_v1.0/sortv1-digital-twin/dist/src/mechanical/InspectionTray.js,,5cee2a6ac2fa11be20adf30cb833382718093983,df8a344ee7fa9ca3cf0cc7d392c0758285abb5a1
D,SorTV1_Digital_Twin_Web_v1.0/sortv1-digital-twin/dist/src/mechanical/Rotor.js,,5cee2a6ac2fa11be20adf30cb833382718093983,df8a344ee7fa9ca3cf0cc7d392c0758285abb5a1
D,SorTV1_Digital_Twin_Web_v1.0/sortv1-digital-twin/dist/src/mechanical/ServoLinkage.js,,5cee2a6ac2fa11be20adf30cb833382718093983,df8a344ee7fa9ca3cf0cc7d392c0758285abb5a1
D,SorTV1_Digital_Twin_Web_v1.0/sortv1-digital-twin/dist/src/mechanical/Shaft.js,,5cee2a6ac2fa11be20adf30cb833382718093983,df8a344ee7fa9ca3cf0cc7d392c0758285abb5a1
D,SorTV1_Digital_Twin_Web_v1.0/sortv1-digital-twin/dist/src/protocol/Protocol.js,,5cee2a6ac2fa11be20adf30cb833382718093983,df8a344ee7fa9ca3cf0cc7d392c0758285abb5a1
D,SorTV1_Digital_Twin_Web_v1.0/sortv1-digital-twin/dist/src/sensors/BreakBeams.js,,5cee2a6ac2fa11be20adf30cb833382718093983,df8a344ee7fa9ca3cf0cc7d392c0758285abb5a1
D,SorTV1_Digital_Twin_Web_v1.0/sortv1-digital-twin/dist/src/sensors/LimitSwitches.js,,5cee2a6ac2fa11be20adf30cb833382718093983,df8a344ee7fa9ca3cf0cc7d392c0758285abb5a1
D,SorTV1_Digital_Twin_Web_v1.0/sortv1-digital-twin/dist/src/sensors/LoadCell.js,,5cee2a6ac2fa11be20adf30cb833382718093983,df8a344ee7fa9ca3cf0cc7d392c0758285abb5a1
D,SorTV1_Digital_Twin_Web_v1.0/sortv1-digital-twin/dist/src/sensors/ReedSensors.js,,5cee2a6ac2fa11be20adf30cb833382718093983,df8a344ee7fa9ca3cf0cc7d392c0758285abb5a1
D,SorTV1_Digital_Twin_Web_v1.0/sortv1-digital-twin/dist/src/sensors/ToFSensors.js,,5cee2a6ac2fa11be20adf30cb833382718093983,df8a344ee7fa9ca3cf0cc7d392c0758285abb5a1
D,SorTV1_Digital_Twin_Web_v1.0/sortv1-digital-twin/dist/src/simulation/FaultInjection.js,,5cee2a6ac2fa11be20adf30cb833382718093983,df8a344ee7fa9ca3cf0cc7d392c0758285abb5a1
D,SorTV1_Digital_Twin_Web_v1.0/sortv1-digital-twin/dist/src/simulation/InspectionSimulation.js,,5cee2a6ac2fa11be20adf30cb833382718093983,df8a344ee7fa9ca3cf0cc7d392c0758285abb5a1
D,SorTV1_Digital_Twin_Web_v1.0/sortv1-digital-twin/dist/src/simulation/Plant.js,,5cee2a6ac2fa11be20adf30cb833382718093983,df8a344ee7fa9ca3cf0cc7d392c0758285abb5a1
D,SorTV1_Digital_Twin_Web_v1.0/sortv1-digital-twin/dist/src/three/CameraController.js,,5cee2a6ac2fa11be20adf30cb833382718093983,df8a344ee7fa9ca3cf0cc7d392c0758285abb5a1
D,SorTV1_Digital_Twin_Web_v1.0/sortv1-digital-twin/dist/src/three/ComponentPicker.js,,5cee2a6ac2fa11be20adf30cb833382718093983,df8a344ee7fa9ca3cf0cc7d392c0758285abb5a1
D,SorTV1_Digital_Twin_Web_v1.0/sortv1-digital-twin/dist/src/three/ExplodedView.js,,5cee2a6ac2fa11be20adf30cb833382718093983,df8a344ee7fa9ca3cf0cc7d392c0758285abb5a1
D,SorTV1_Digital_Twin_Web_v1.0/sortv1-digital-twin/dist/src/three/LightingManager.js,,5cee2a6ac2fa11be20adf30cb833382718093983,df8a344ee7fa9ca3cf0cc7d392c0758285abb5a1
D,SorTV1_Digital_Twin_Web_v1.0/sortv1-digital-twin/dist/src/three/ModelBuilder.js,,5cee2a6ac2fa11be20adf30cb833382718093983,df8a344ee7fa9ca3cf0cc7d392c0758285abb5a1
D,SorTV1_Digital_Twin_Web_v1.0/sortv1-digital-twin/dist/src/three/SceneManager.js,,5cee2a6ac2fa11be20adf30cb833382718093983,df8a344ee7fa9ca3cf0cc7d392c0758285abb5a1
D,SorTV1_Digital_Twin_Web_v1.0/sortv1-digital-twin/dist/src/three/SectionView.js,,5cee2a6ac2fa11be20adf30cb833382718093983,df8a344ee7fa9ca3cf0cc7d392c0758285abb5a1
D,SorTV1_Digital_Twin_Web_v1.0/sortv1-digital-twin/dist/src/three/TransparencyMode.js,,5cee2a6ac2fa11be20adf30cb833382718093983,df8a344ee7fa9ca3cf0cc7d392c0758285abb5a1
D,SorTV1_Digital_Twin_Web_v1.0/sortv1-digital-twin/dist/src/ui/ComponentInspector.js,,5cee2a6ac2fa11be20adf30cb833382718093983,df8a344ee7fa9ca3cf0cc7d392c0758285abb5a1
D,SorTV1_Digital_Twin_Web_v1.0/sortv1-digital-twin/dist/src/ui/EngineeringPanel.js,,5cee2a6ac2fa11be20adf30cb833382718093983,df8a344ee7fa9ca3cf0cc7d392c0758285abb5a1
D,SorTV1_Digital_Twin_Web_v1.0/sortv1-digital-twin/dist/src/ui/MeasurementPanel.js,,5cee2a6ac2fa11be20adf30cb833382718093983,df8a344ee7fa9ca3cf0cc7d392c0758285abb5a1
D,SorTV1_Digital_Twin_Web_v1.0/sortv1-digital-twin/dist/src/ui/OperatorPanel.js,,5cee2a6ac2fa11be20adf30cb833382718093983,df8a344ee7fa9ca3cf0cc7d392c0758285abb5a1
D,SorTV1_Digital_Twin_Web_v1.0/sortv1-digital-twin/dist/src/ui/Timeline.js,,5cee2a6ac2fa11be20adf30cb833382718093983,df8a344ee7fa9ca3cf0cc7d392c0758285abb5a1
D,SorTV1_Digital_Twin_Web_v1.0/sortv1-digital-twin/dist/src/wiring/HarnessRenderer.js,,5cee2a6ac2fa11be20adf30cb833382718093983,df8a344ee7fa9ca3cf0cc7d392c0758285abb5a1
D,SorTV1_Digital_Twin_Web_v1.0/sortv1-digital-twin/dist/src/wiring/PowerOverlay.js,,5cee2a6ac2fa11be20adf30cb833382718093983,df8a344ee7fa9ca3cf0cc7d392c0758285abb5a1
D,SorTV1_Digital_Twin_Web_v1.0/sortv1-digital-twin/dist/src/wiring/SignalOverlay.js,,5cee2a6ac2fa11be20adf30cb833382718093983,df8a344ee7fa9ca3cf0cc7d392c0758285abb5a1
D,SorTV1_Digital_Twin_Web_v1.0/sortv1-digital-twin/dist/src/wiring/WireTracer.js,,5cee2a6ac2fa11be20adf30cb833382718093983,df8a344ee7fa9ca3cf0cc7d392c0758285abb5a1
D,SorTV1_Digital_Twin_Web_v1.0/sortv1-digital-twin/dist/style.css,,5cee2a6ac2fa11be20adf30cb833382718093983,df8a344ee7fa9ca3cf0cc7d392c0758285abb5a1
D,SorTV1_Digital_Twin_Web_v1.0/sortv1-digital-twin/dist/vendor/LICENSE-three,,5cee2a6ac2fa11be20adf30cb833382718093983,df8a344ee7fa9ca3cf0cc7d392c0758285abb5a1
D,SorTV1_Digital_Twin_Web_v1.0/sortv1-digital-twin/dist/vendor/build/three.cjs,,5cee2a6ac2fa11be20adf30cb833382718093983,df8a344ee7fa9ca3cf0cc7d392c0758285abb5a1
D,SorTV1_Digital_Twin_Web_v1.0/sortv1-digital-twin/dist/vendor/build/three.core.js,,5cee2a6ac2fa11be20adf30cb833382718093983,df8a344ee7fa9ca3cf0cc7d392c0758285abb5a1
D,SorTV1_Digital_Twin_Web_v1.0/sortv1-digital-twin/dist/vendor/build/three.module.js,,5cee2a6ac2fa11be20adf30cb833382718093983,df8a344ee7fa9ca3cf0cc7d392c0758285abb5a1
D,SorTV1_Digital_Twin_Web_v1.0/sortv1-digital-twin/dist/vendor/build/three.tsl.js,,5cee2a6ac2fa11be20adf30cb833382718093983,df8a344ee7fa9ca3cf0cc7d392c0758285abb5a1
D,SorTV1_Digital_Twin_Web_v1.0/sortv1-digital-twin/dist/vendor/build/three.webgpu.js,,5cee2a6ac2fa11be20adf30cb833382718093983,df8a344ee7fa9ca3cf0cc7d392c0758285abb5a1
D,SorTV1_Digital_Twin_Web_v1.0/sortv1-digital-twin/dist/vendor/build/three.webgpu.nodes.js,,5cee2a6ac2fa11be20adf30cb833382718093983,df8a344ee7fa9ca3cf0cc7d392c0758285abb5a1
D,SorTV1_Digital_Twin_Web_v1.0/sortv1-digital-twin/dist/vendor/controls/ArcballControls.js,,5cee2a6ac2fa11be20adf30cb833382718093983,df8a344ee7fa9ca3cf0cc7d392c0758285abb5a1
D,SorTV1_Digital_Twin_Web_v1.0/sortv1-digital-twin/dist/vendor/controls/DragControls.js,,5cee2a6ac2fa11be20adf30cb833382718093983,df8a344ee7fa9ca3cf0cc7d392c0758285abb5a1
D,SorTV1_Digital_Twin_Web_v1.0/sortv1-digital-twin/dist/vendor/controls/FirstPersonControls.js,,5cee2a6ac2fa11be20adf30cb833382718093983,df8a344ee7fa9ca3cf0cc7d392c0758285abb5a1
D,SorTV1_Digital_Twin_Web_v1.0/sortv1-digital-twin/dist/vendor/controls/FlyControls.js,,5cee2a6ac2fa11be20adf30cb833382718093983,df8a344ee7fa9ca3cf0cc7d392c0758285abb5a1
D,SorTV1_Digital_Twin_Web_v1.0/sortv1-digital-twin/dist/vendor/controls/MapControls.js,,5cee2a6ac2fa11be20adf30cb833382718093983,df8a344ee7fa9ca3cf0cc7d392c0758285abb5a1
D,SorTV1_Digital_Twin_Web_v1.0/sortv1-digital-twin/dist/vendor/controls/OrbitControls.js,,5cee2a6ac2fa11be20adf30cb833382718093983,df8a344ee7fa9ca3cf0cc7d392c0758285abb5a1
D,SorTV1_Digital_Twin_Web_v1.0/sortv1-digital-twin/dist/vendor/controls/PointerLockControls.js,,5cee2a6ac2fa11be20adf30cb833382718093983,df8a344ee7fa9ca3cf0cc7d392c0758285abb5a1
D,SorTV1_Digital_Twin_Web_v1.0/sortv1-digital-twin/dist/vendor/controls/TrackballControls.js,,5cee2a6ac2fa11be20adf30cb833382718093983,df8a344ee7fa9ca3cf0cc7d392c0758285abb5a1
D,SorTV1_Digital_Twin_Web_v1.0/sortv1-digital-twin/dist/vendor/controls/TransformControls.js,,5cee2a6ac2fa11be20adf30cb833382718093983,df8a344ee7fa9ca3cf0cc7d392c0758285abb5a1
A,archives/legacy/README.md,,5cee2a6ac2fa11be20adf30cb833382718093983,df8a344ee7fa9ca3cf0cc7d392c0758285abb5a1
R100,archives/legacy/SorTV1_Digital_Twin_Web_v1.0.zip,SorTV1_Digital_Twin_Web_v1.0.zip,5cee2a6ac2fa11be20adf30cb833382718093983,df8a344ee7fa9ca3cf0cc7d392c0758285abb5a1
A,deploy/pi/README.md,,5cee2a6ac2fa11be20adf30cb833382718093983,df8a344ee7fa9ca3cf0cc7d392c0758285abb5a1
A,deploy/systemd/sortv1.service,,5cee2a6ac2fa11be20adf30cb833382718093983,df8a344ee7fa9ca3cf0cc7d392c0758285abb5a1
A,docs/BRINGUP.md,,5cee2a6ac2fa11be20adf30cb833382718093983,df8a344ee7fa9ca3cf0cc7d392c0758285abb5a1
A,docs/DEV_SETUP_WINDOWS.md,,5cee2a6ac2fa11be20adf30cb833382718093983,df8a344ee7fa9ca3cf0cc7d392c0758285abb5a1
A,docs/MICROSD_BACKUP.md,,5cee2a6ac2fa11be20adf30cb833382718093983,df8a344ee7fa9ca3cf0cc7d392c0758285abb5a1
A,docs/MVP_GAP_ANALYSIS.md,,5cee2a6ac2fa11be20adf30cb833382718093983,df8a344ee7fa9ca3cf0cc7d392c0758285abb5a1
A,docs/MVP_GAP_ANALYSIS.md,,5cee2a6ac2fa11be20adf30cb833382718093983,df8a344ee7fa9ca3cf0cc7d392c0758285abb5a1
A,docs/MVP_STATUS.md,,5cee2a6ac2fa11be20adf30cb833382718093983,df8a344ee7fa9ca3cf0cc7d392c0758285abb5a1
A,docs/OPERATION.md,,5cee2a6ac2fa11be20adf30cb833382718093983,df8a344ee7fa9ca3cf0cc7d392c0758285abb5a1
A,docs/PI_INSTALL.md,,5cee2a6ac2fa11be20adf30cb833382718093983,df8a344ee7fa9ca3cf0cc7d392c0758285abb5a1
A,docs/PI_RECOVERY.md,,5cee2a6ac2fa11be20adf30cb833382718093983,df8a344ee7fa9ca3cf0cc7d392c0758285abb5a1
A,docs/RECOVERY.md,,5cee2a6ac2fa11be20adf30cb833382718093983,df8a344ee7fa9ca3cf0cc7d392c0758285abb5a1
A,docs/TESTING.md,,5cee2a6ac2fa11be20adf30cb833382718093983,df8a344ee7fa9ca3cf0cc7d392c0758285abb5a1
A,docs/adr/0002-physical-mvp.md,,5cee2a6ac2fa11be20adf30cb833382718093983,df8a344ee7fa9ca3cf0cc7d392c0758285abb5a1
A,docs/audit/CHANGE_INVENTORY.csv,,5cee2a6ac2fa11be20adf30cb833382718093983,df8a344ee7fa9ca3cf0cc7d392c0758285abb5a1
A,docs/audit/FINAL_MVP_AUDIT.md,,5cee2a6ac2fa11be20adf30cb833382718093983,df8a344ee7fa9ca3cf0cc7d392c0758285abb5a1
A,docs/audit/MVP_GAP_ANALYSIS.md,,5cee2a6ac2fa11be20adf30cb833382718093983,df8a344ee7fa9ca3cf0cc7d392c0758285abb5a1
A,docs/audit/software_validation.json,,5cee2a6ac2fa11be20adf30cb833382718093983,df8a344ee7fa9ca3cf0cc7d392c0758285abb5a1
A,docs/ml/ML_PIPELINE.md,,5cee2a6ac2fa11be20adf30cb833382718093983,df8a344ee7fa9ca3cf0cc7d392c0758285abb5a1
A,docs/ml/TRASHIA_MAPPING_REPORT.md,,5cee2a6ac2fa11be20adf30cb833382718093983,df8a344ee7fa9ca3cf0cc7d392c0758285abb5a1
A,requirements/roboflow.txt,,5cee2a6ac2fa11be20adf30cb833382718093983,df8a344ee7fa9ca3cf0cc7d392c0758285abb5a1
A,requirements/runtime.txt,,5cee2a6ac2fa11be20adf30cb833382718093983,df8a344ee7fa9ca3cf0cc7d392c0758285abb5a1
A,requirements/training.txt,,5cee2a6ac2fa11be20adf30cb833382718093983,df8a344ee7fa9ca3cf0cc7d392c0758285abb5a1
A,scripts/bin_to_uf2.py,,5cee2a6ac2fa11be20adf30cb833382718093983,df8a344ee7fa9ca3cf0cc7d392c0758285abb5a1
A,scripts/build_distribution.py,,5cee2a6ac2fa11be20adf30cb833382718093983,df8a344ee7fa9ca3cf0cc7d392c0758285abb5a1
A,scripts/check_cross_language.py,,5cee2a6ac2fa11be20adf30cb833382718093983,df8a344ee7fa9ca3cf0cc7d392c0758285abb5a1
A,scripts/configure_firmware.py,,5cee2a6ac2fa11be20adf30cb833382718093983,df8a344ee7fa9ca3cf0cc7d392c0758285abb5a1
A,scripts/doctor.py,,5cee2a6ac2fa11be20adf30cb833382718093983,df8a344ee7fa9ca3cf0cc7d392c0758285abb5a1
A,scripts/fetch_trashia.py,,5cee2a6ac2fa11be20adf30cb833382718093983,df8a344ee7fa9ca3cf0cc7d392c0758285abb5a1
A,scripts/generate_hardware_views.py,,5cee2a6ac2fa11be20adf30cb833382718093983,df8a344ee7fa9ca3cf0cc7d392c0758285abb5a1
A,scripts/ml_smoke.py,,5cee2a6ac2fa11be20adf30cb833382718093983,df8a344ee7fa9ca3cf0cc7d392c0758285abb5a1
A,scripts/pi/bootstrap_pi.sh,,5cee2a6ac2fa11be20adf30cb833382718093983,df8a344ee7fa9ca3cf0cc7d392c0758285abb5a1
A,scripts/pi/check_camera.sh,,5cee2a6ac2fa11be20adf30cb833382718093983,df8a344ee7fa9ca3cf0cc7d392c0758285abb5a1
A,scripts/pi/install_service.sh,,5cee2a6ac2fa11be20adf30cb833382718093983,df8a344ee7fa9ca3cf0cc7d392c0758285abb5a1
A,scripts/verify_mvp.py,,5cee2a6ac2fa11be20adf30cb833382718093983,df8a344ee7fa9ca3cf0cc7d392c0758285abb5a1
A,scripts/windows/bootstrap_training.ps1,,5cee2a6ac2fa11be20adf30cb833382718093983,df8a344ee7fa9ca3cf0cc7d392c0758285abb5a1
A,scripts/windows/export.ps1,,5cee2a6ac2fa11be20adf30cb833382718093983,df8a344ee7fa9ca3cf0cc7d392c0758285abb5a1
A,scripts/windows/train.ps1,,5cee2a6ac2fa11be20adf30cb833382718093983,df8a344ee7fa9ca3cf0cc7d392c0758285abb5a1
M,sortv1/README.md,,5cee2a6ac2fa11be20adf30cb833382718093983,df8a344ee7fa9ca3cf0cc7d392c0758285abb5a1
M,sortv1/app/__main__.py,,5cee2a6ac2fa11be20adf30cb833382718093983,df8a344ee7fa9ca3cf0cc7d392c0758285abb5a1
M,sortv1/app/capture/README.md,,5cee2a6ac2fa11be20adf30cb833382718093983,df8a344ee7fa9ca3cf0cc7d392c0758285abb5a1
A,sortv1/app/capture/picamera2_capture.py,,5cee2a6ac2fa11be20adf30cb833382718093983,df8a344ee7fa9ca3cf0cc7d392c0758285abb5a1
M,sortv1/app/controller/README.md,,5cee2a6ac2fa11be20adf30cb833382718093983,df8a344ee7fa9ca3cf0cc7d392c0758285abb5a1
M,sortv1/app/controller/__init__.py,,5cee2a6ac2fa11be20adf30cb833382718093983,df8a344ee7fa9ca3cf0cc7d392c0758285abb5a1
A,sortv1/app/controller/physical.py,,5cee2a6ac2fa11be20adf30cb833382718093983,df8a344ee7fa9ca3cf0cc7d392c0758285abb5a1
M,sortv1/app/controller/simulator.py,,5cee2a6ac2fa11be20adf30cb833382718093983,df8a344ee7fa9ca3cf0cc7d392c0758285abb5a1
M,sortv1/app/evidence/README.md,,5cee2a6ac2fa11be20adf30cb833382718093983,df8a344ee7fa9ca3cf0cc7d392c0758285abb5a1
M,sortv1/app/evidence/__init__.py,,5cee2a6ac2fa11be20adf30cb833382718093983,df8a344ee7fa9ca3cf0cc7d392c0758285abb5a1
M,sortv1/app/inference/README.md,,5cee2a6ac2fa11be20adf30cb833382718093983,df8a344ee7fa9ca3cf0cc7d392c0758285abb5a1
M,sortv1/app/inference/__init__.py,,5cee2a6ac2fa11be20adf30cb833382718093983,df8a344ee7fa9ca3cf0cc7d392c0758285abb5a1
A,sortv1/app/inference/onnx_runtime.py,,5cee2a6ac2fa11be20adf30cb833382718093983,df8a344ee7fa9ca3cf0cc7d392c0758285abb5a1
A,sortv1/app/inference/preprocessing.py,,5cee2a6ac2fa11be20adf30cb833382718093983,df8a344ee7fa9ca3cf0cc7d392c0758285abb5a1
A,sortv1/app/operator_ui/__init__.py,,5cee2a6ac2fa11be20adf30cb833382718093983,df8a344ee7fa9ca3cf0cc7d392c0758285abb5a1
M,sortv1/app/quality/README.md,,5cee2a6ac2fa11be20adf30cb833382718093983,df8a344ee7fa9ca3cf0cc7d392c0758285abb5a1
A,sortv1/app/quality/image_quality.py,,5cee2a6ac2fa11be20adf30cb833382718093983,df8a344ee7fa9ca3cf0cc7d392c0758285abb5a1
A,sortv1/app/tools/__init__.py,,5cee2a6ac2fa11be20adf30cb833382718093983,df8a344ee7fa9ca3cf0cc7d392c0758285abb5a1
A,sortv1/app/tools/acceptance_record.py,,5cee2a6ac2fa11be20adf30cb833382718093983,df8a344ee7fa9ca3cf0cc7d392c0758285abb5a1
A,sortv1/app/tools/admit.py,,5cee2a6ac2fa11be20adf30cb833382718093983,df8a344ee7fa9ca3cf0cc7d392c0758285abb5a1
A,sortv1/app/tools/benchmark_system.py,,5cee2a6ac2fa11be20adf30cb833382718093983,df8a344ee7fa9ca3cf0cc7d392c0758285abb5a1
A,sortv1/app/tools/calibrate_camera.py,,5cee2a6ac2fa11be20adf30cb833382718093983,df8a344ee7fa9ca3cf0cc7d392c0758285abb5a1
A,sortv1/app/tools/capture_dataset.py,,5cee2a6ac2fa11be20adf30cb833382718093983,df8a344ee7fa9ca3cf0cc7d392c0758285abb5a1
A,sortv1/app/tools/hil_cycle.py,,5cee2a6ac2fa11be20adf30cb833382718093983,df8a344ee7fa9ca3cf0cc7d392c0758285abb5a1
A,sortv1/app/tools/hil_protocol.py,,5cee2a6ac2fa11be20adf30cb833382718093983,df8a344ee7fa9ca3cf0cc7d392c0758285abb5a1
A,sortv1/app/tools/hil_sensors.py,,5cee2a6ac2fa11be20adf30cb833382718093983,df8a344ee7fa9ca3cf0cc7d392c0758285abb5a1
A,sortv1/app/tools/reconcile.py,,5cee2a6ac2fa11be20adf30cb833382718093983,df8a344ee7fa9ca3cf0cc7d392c0758285abb5a1
M,sortv1/app/transport/README.md,,5cee2a6ac2fa11be20adf30cb833382718093983,df8a344ee7fa9ca3cf0cc7d392c0758285abb5a1
M,sortv1/app/transport/__init__.py,,5cee2a6ac2fa11be20adf30cb833382718093983,df8a344ee7fa9ca3cf0cc7d392c0758285abb5a1
A,sortv1/app/transport/serial_transport.py,,5cee2a6ac2fa11be20adf30cb833382718093983,df8a344ee7fa9ca3cf0cc7d392c0758285abb5a1
A,sortv1/app/utils.py,,5cee2a6ac2fa11be20adf30cb833382718093983,df8a344ee7fa9ca3cf0cc7d392c0758285abb5a1
M,sortv1/config/README.md,,5cee2a6ac2fa11be20adf30cb833382718093983,df8a344ee7fa9ca3cf0cc7d392c0758285abb5a1
A,sortv1/config/acceptance_targets.json,,5cee2a6ac2fa11be20adf30cb833382718093983,df8a344ee7fa9ca3cf0cc7d392c0758285abb5a1
A,sortv1/config/camera.json,,5cee2a6ac2fa11be20adf30cb833382718093983,df8a344ee7fa9ca3cf0cc7d392c0758285abb5a1
A,sortv1/config/physical.json,,5cee2a6ac2fa11be20adf30cb833382718093983,df8a344ee7fa9ca3cf0cc7d392c0758285abb5a1
A,sortv1/config/quality.json,,5cee2a6ac2fa11be20adf30cb833382718093983,df8a344ee7fa9ca3cf0cc7d392c0758285abb5a1
M,sortv1/docs/architecture/protocol.md,,5cee2a6ac2fa11be20adf30cb833382718093983,df8a344ee7fa9ca3cf0cc7d392c0758285abb5a1
M,sortv1/docs/architecture/system.md,,5cee2a6ac2fa11be20adf30cb833382718093983,df8a344ee7fa9ca3cf0cc7d392c0758285abb5a1
A,sortv1/evidence/benchmarks/ml/laptop-synthetic-software.json,,5cee2a6ac2fa11be20adf30cb833382718093983,df8a344ee7fa9ca3cf0cc7d392c0758285abb5a1
A,sortv1/firmware/CMakeLists.txt,,5cee2a6ac2fa11be20adf30cb833382718093983,df8a344ee7fa9ca3cf0cc7d392c0758285abb5a1
M,sortv1/firmware/README.md,,5cee2a6ac2fa11be20adf30cb833382718093983,df8a344ee7fa9ca3cf0cc7d392c0758285abb5a1
A,sortv1/firmware/config/calibration.json,,5cee2a6ac2fa11be20adf30cb833382718093983,df8a344ee7fa9ca3cf0cc7d392c0758285abb5a1
M,sortv1/firmware/drivers/README.md,,5cee2a6ac2fa11be20adf30cb833382718093983,df8a344ee7fa9ca3cf0cc7d392c0758285abb5a1
M,sortv1/firmware/drivers/interfaces.hpp,,5cee2a6ac2fa11be20adf30cb833382718093983,df8a344ee7fa9ca3cf0cc7d392c0758285abb5a1
A,sortv1/firmware/include/actuators.hpp,,5cee2a6ac2fa11be20adf30cb833382718093983,df8a344ee7fa9ca3cf0cc7d392c0758285abb5a1
A,sortv1/firmware/include/calibration.hpp,,5cee2a6ac2fa11be20adf30cb833382718093983,df8a344ee7fa9ca3cf0cc7d392c0758285abb5a1
A,sortv1/firmware/include/protocol.hpp,,5cee2a6ac2fa11be20adf30cb833382718093983,df8a344ee7fa9ca3cf0cc7d392c0758285abb5a1
A,sortv1/firmware/include/sensors.hpp,,5cee2a6ac2fa11be20adf30cb833382718093983,df8a344ee7fa9ca3cf0cc7d392c0758285abb5a1
A,sortv1/firmware/include/state_machine.hpp,,5cee2a6ac2fa11be20adf30cb833382718093983,df8a344ee7fa9ca3cf0cc7d392c0758285abb5a1
M,sortv1/firmware/protocol/README.md,,5cee2a6ac2fa11be20adf30cb833382718093983,df8a344ee7fa9ca3cf0cc7d392c0758285abb5a1
A,sortv1/firmware/src/actuators.cpp,,5cee2a6ac2fa11be20adf30cb833382718093983,df8a344ee7fa9ca3cf0cc7d392c0758285abb5a1
A,sortv1/firmware/src/main.cpp,,5cee2a6ac2fa11be20adf30cb833382718093983,df8a344ee7fa9ca3cf0cc7d392c0758285abb5a1
A,sortv1/firmware/src/protocol.cpp,,5cee2a6ac2fa11be20adf30cb833382718093983,df8a344ee7fa9ca3cf0cc7d392c0758285abb5a1
A,sortv1/firmware/src/sensors.cpp,,5cee2a6ac2fa11be20adf30cb833382718093983,df8a344ee7fa9ca3cf0cc7d392c0758285abb5a1
A,sortv1/firmware/src/state_machine.cpp,,5cee2a6ac2fa11be20adf30cb833382718093983,df8a344ee7fa9ca3cf0cc7d392c0758285abb5a1
M,sortv1/firmware/state_machine/README.md,,5cee2a6ac2fa11be20adf30cb833382718093983,df8a344ee7fa9ca3cf0cc7d392c0758285abb5a1
A,sortv1/firmware/vendor/README.md,,5cee2a6ac2fa11be20adf30cb833382718093983,df8a344ee7fa9ca3cf0cc7d392c0758285abb5a1
A,sortv1/firmware/vendor/shim/Arduino.h,,5cee2a6ac2fa11be20adf30cb833382718093983,df8a344ee7fa9ca3cf0cc7d392c0758285abb5a1
A,sortv1/firmware/vendor/shim/Wire.h,,5cee2a6ac2fa11be20adf30cb833382718093983,df8a344ee7fa9ca3cf0cc7d392c0758285abb5a1
A,sortv1/firmware/vendor/vl53l0x/LICENSE.txt,,5cee2a6ac2fa11be20adf30cb833382718093983,df8a344ee7fa9ca3cf0cc7d392c0758285abb5a1
A,sortv1/firmware/vendor/vl53l0x/VL53L0X.cpp,,5cee2a6ac2fa11be20adf30cb833382718093983,df8a344ee7fa9ca3cf0cc7d392c0758285abb5a1
A,sortv1/firmware/vendor/vl53l0x/VL53L0X.h,,5cee2a6ac2fa11be20adf30cb833382718093983,df8a344ee7fa9ca3cf0cc7d392c0758285abb5a1
A,sortv1/hardware/bom/bom_mvp_minimum.csv,,5cee2a6ac2fa11be20adf30cb833382718093983,df8a344ee7fa9ca3cf0cc7d392c0758285abb5a1
A,sortv1/hardware/bom/bom_traceability.csv,,5cee2a6ac2fa11be20adf30cb833382718093983,df8a344ee7fa9ca3cf0cc7d392c0758285abb5a1
A,sortv1/hardware/cad/MANUFACTURING_REQUIREMENTS.md,,5cee2a6ac2fa11be20adf30cb833382718093983,df8a344ee7fa9ca3cf0cc7d392c0758285abb5a1
A,sortv1/hardware/cad/MEASUREMENT_CHECKLIST.md,,5cee2a6ac2fa11be20adf30cb833382718093983,df8a344ee7fa9ca3cf0cc7d392c0758285abb5a1
A,sortv1/hardware/cad/PARAMETERS.md,,5cee2a6ac2fa11be20adf30cb833382718093983,df8a344ee7fa9ca3cf0cc7d392c0758285abb5a1
A,sortv1/hardware/electrical/power_tree.md,,5cee2a6ac2fa11be20adf30cb833382718093983,df8a344ee7fa9ca3cf0cc7d392c0758285abb5a1
A,sortv1/hardware/electrical/safety_chain.md,,5cee2a6ac2fa11be20adf30cb833382718093983,df8a344ee7fa9ca3cf0cc7d392c0758285abb5a1
A,sortv1/hardware/pinout/signals.csv,,5cee2a6ac2fa11be20adf30cb833382718093983,df8a344ee7fa9ca3cf0cc7d392c0758285abb5a1
A,sortv1/hardware/source/README.md,,5cee2a6ac2fa11be20adf30cb833382718093983,df8a344ee7fa9ca3cf0cc7d392c0758285abb5a1
A,sortv1/hardware/source/bom_master.csv,,5cee2a6ac2fa11be20adf30cb833382718093983,df8a344ee7fa9ca3cf0cc7d392c0758285abb5a1
A,sortv1/hardware/source/connections_master.csv,,5cee2a6ac2fa11be20adf30cb833382718093983,df8a344ee7fa9ca3cf0cc7d392c0758285abb5a1
A,sortv1/hardware/source/connectors_master.csv,,5cee2a6ac2fa11be20adf30cb833382718093983,df8a344ee7fa9ca3cf0cc7d392c0758285abb5a1
A,sortv1/hardware/source/pinout_master.csv,,5cee2a6ac2fa11be20adf30cb833382718093983,df8a344ee7fa9ca3cf0cc7d392c0758285abb5a1
A,sortv1/hardware/source/signals_master.csv,,5cee2a6ac2fa11be20adf30cb833382718093983,df8a344ee7fa9ca3cf0cc7d392c0758285abb5a1
A,sortv1/hardware/wiring/fuse_matrix.csv,,5cee2a6ac2fa11be20adf30cb833382718093983,df8a344ee7fa9ca3cf0cc7d392c0758285abb5a1
A,sortv1/hardware/wiring/terminal_matrix.csv,,5cee2a6ac2fa11be20adf30cb833382718093983,df8a344ee7fa9ca3cf0cc7d392c0758285abb5a1
A,sortv1/hardware/wiring/wire_from_to.csv,,5cee2a6ac2fa11be20adf30cb833382718093983,df8a344ee7fa9ca3cf0cc7d392c0758285abb5a1
A,sortv1/tests/fault_injection/test_evidence_extended.py,,5cee2a6ac2fa11be20adf30cb833382718093983,df8a344ee7fa9ca3cf0cc7d392c0758285abb5a1
A,sortv1/tests/hil/README.md,,5cee2a6ac2fa11be20adf30cb833382718093983,df8a344ee7fa9ca3cf0cc7d392c0758285abb5a1
A,sortv1/tests/hil/__init__.py,,5cee2a6ac2fa11be20adf30cb833382718093983,df8a344ee7fa9ca3cf0cc7d392c0758285abb5a1
A,sortv1/tests/integration/test_serial.py,,5cee2a6ac2fa11be20adf30cb833382718093983,df8a344ee7fa9ca3cf0cc7d392c0758285abb5a1
A,sortv1/tests/protocol/physical_firmware.cpp,,5cee2a6ac2fa11be20adf30cb833382718093983,df8a344ee7fa9ca3cf0cc7d392c0758285abb5a1
A,sortv1/tests/protocol/test_correlation.py,,5cee2a6ac2fa11be20adf30cb833382718093983,df8a344ee7fa9ca3cf0cc7d392c0758285abb5a1
A,sortv1/tests/unit/test_camera.py,,5cee2a6ac2fa11be20adf30cb833382718093983,df8a344ee7fa9ca3cf0cc7d392c0758285abb5a1
A,sortv1/tests/unit/test_data_conversion.py,,5cee2a6ac2fa11be20adf30cb833382718093983,df8a344ee7fa9ca3cf0cc7d392c0758285abb5a1
A,sortv1/tests/unit/test_real_pipeline.py,,5cee2a6ac2fa11be20adf30cb833382718093983,df8a344ee7fa9ca3cf0cc7d392c0758285abb5a1
A,sortv1/training/benchmark/__init__.py,,5cee2a6ac2fa11be20adf30cb833382718093983,df8a344ee7fa9ca3cf0cc7d392c0758285abb5a1
A,sortv1/training/benchmark/benchmark_onnx.py,,5cee2a6ac2fa11be20adf30cb833382718093983,df8a344ee7fa9ca3cf0cc7d392c0758285abb5a1
A,sortv1/training/benchmark/benchmark_pytorch_onnx.py,,5cee2a6ac2fa11be20adf30cb833382718093983,df8a344ee7fa9ca3cf0cc7d392c0758285abb5a1
A,sortv1/training/configs/baseline.yaml,,5cee2a6ac2fa11be20adf30cb833382718093983,df8a344ee7fa9ca3cf0cc7d392c0758285abb5a1
A,sortv1/training/datasets/challenge/README.md,,5cee2a6ac2fa11be20adf30cb833382718093983,df8a344ee7fa9ca3cf0cc7d392c0758285abb5a1
A,sortv1/training/datasets/class_mapping.yaml,,5cee2a6ac2fa11be20adf30cb833382718093983,df8a344ee7fa9ca3cf0cc7d392c0758285abb5a1
A,sortv1/training/datasets/convert_detection_to_classification.py,,5cee2a6ac2fa11be20adf30cb833382718093983,df8a344ee7fa9ca3cf0cc7d392c0758285abb5a1
A,sortv1/training/datasets/external/README.md,,5cee2a6ac2fa11be20adf30cb833382718093983,df8a344ee7fa9ca3cf0cc7d392c0758285abb5a1
A,sortv1/training/datasets/import_classification.py,,5cee2a6ac2fa11be20adf30cb833382718093983,df8a344ee7fa9ca3cf0cc7d392c0758285abb5a1
A,sortv1/training/datasets/local/test/README.md,,5cee2a6ac2fa11be20adf30cb833382718093983,df8a344ee7fa9ca3cf0cc7d392c0758285abb5a1
A,sortv1/training/datasets/local/train/README.md,,5cee2a6ac2fa11be20adf30cb833382718093983,df8a344ee7fa9ca3cf0cc7d392c0758285abb5a1
A,sortv1/training/datasets/local/validation/README.md,,5cee2a6ac2fa11be20adf30cb833382718093983,df8a344ee7fa9ca3cf0cc7d392c0758285abb5a1
A,sortv1/training/datasets/roboflow/ATTRIBUTION.md,,5cee2a6ac2fa11be20adf30cb833382718093983,df8a344ee7fa9ca3cf0cc7d392c0758285abb5a1
A,sortv1/training/datasets/roboflow/source_manifest.json,,5cee2a6ac2fa11be20adf30cb833382718093983,df8a344ee7fa9ca3cf0cc7d392c0758285abb5a1
A,sortv1/training/datasets/roboflow/trashia_metadata.json,,5cee2a6ac2fa11be20adf30cb833382718093983,df8a344ee7fa9ca3cf0cc7d392c0758285abb5a1
M,sortv1/training/datasets/validate.py,,5cee2a6ac2fa11be20adf30cb833382718093983,df8a344ee7fa9ca3cf0cc7d392c0758285abb5a1
M,sortv1/training/evaluate/README.md,,5cee2a6ac2fa11be20adf30cb833382718093983,df8a344ee7fa9ca3cf0cc7d392c0758285abb5a1
A,sortv1/training/evaluate/__init__.py,,5cee2a6ac2fa11be20adf30cb833382718093983,df8a344ee7fa9ca3cf0cc7d392c0758285abb5a1
A,sortv1/training/evaluate/evaluate.py,,5cee2a6ac2fa11be20adf30cb833382718093983,df8a344ee7fa9ca3cf0cc7d392c0758285abb5a1
A,sortv1/training/evaluate/metrics.py,,5cee2a6ac2fa11be20adf30cb833382718093983,df8a344ee7fa9ca3cf0cc7d392c0758285abb5a1
M,sortv1/training/export/README.md,,5cee2a6ac2fa11be20adf30cb833382718093983,df8a344ee7fa9ca3cf0cc7d392c0758285abb5a1
A,sortv1/training/export/__init__.py,,5cee2a6ac2fa11be20adf30cb833382718093983,df8a344ee7fa9ca3cf0cc7d392c0758285abb5a1
A,sortv1/training/export/export_onnx.py,,5cee2a6ac2fa11be20adf30cb833382718093983,df8a344ee7fa9ca3cf0cc7d392c0758285abb5a1
A,sortv1/training/tools/__init__.py,,5cee2a6ac2fa11be20adf30cb833382718093983,df8a344ee7fa9ca3cf0cc7d392c0758285abb5a1
A,sortv1/training/tools/prepare_dataset.py,,5cee2a6ac2fa11be20adf30cb833382718093983,df8a344ee7fa9ca3cf0cc7d392c0758285abb5a1
M,sortv1/training/train/README.md,,5cee2a6ac2fa11be20adf30cb833382718093983,df8a344ee7fa9ca3cf0cc7d392c0758285abb5a1
A,sortv1/training/train/__init__.py,,5cee2a6ac2fa11be20adf30cb833382718093983,df8a344ee7fa9ca3cf0cc7d392c0758285abb5a1
A,sortv1/training/train/train.py,,5cee2a6ac2fa11be20adf30cb833382718093983,df8a344ee7fa9ca3cf0cc7d392c0758285abb5a1
