item,quantity,planned_mxn,estimate_kind,status
Raspberry Pi 5 2 GB,1,1640,PLAN_REFERENCE_2026_09_15,NOT_PURCHASED
Camera Module 3,1,644,PLAN_REFERENCE_2026_09_15,NOT_PURCHASED
Fuente oficial Pi,1,344,PLAN_REFERENCE_2026_09_15,NOT_PURCHASED
Active Cooler,1,140,PLAN_REFERENCE_2026_09_15,NOT_PURCHASED
microSD 64 GB,1,338,PLAN_REFERENCE_2026_09_15,NOT_PURCHASED
Pico W con headers,1,206,PLAN_REFERENCE_2026_09_15,NOT_PURCHASED
Cable CSI 15 a 22 pines,1,120,PLAN_ALLOCATION,QUOTE_PENDING
NEMA 17 y acople,1,380,PLAN_ALLOCATION,QUOTE_PENDING
DRV8825 y desacoplo,1,130,PLAN_ALLOCATION,QUOTE_PENDING
Servo y varillaje,1,220,PLAN_ALLOCATION,QUOTE_PENDING
Indices finales y contactos,1,180,PLAN_ALLOCATION,QUOTE_PENDING
Barreras opticas,4,240,PLAN_ALLOCATION_LOT_TOTAL,QUOTE_PENDING
VL53L0X,4,520,PLAN_ALLOCATION_LOT_TOTAL,QUOTE_PENDING
Celda de carga y HX711,1,180,PLAN_ALLOCATION,QUOTE_PENDING
Fuente externa 12 V 5 A,1,300,PLAN_ALLOCATION,QUOTE_PENDING
Convertidor servo,1,120,PLAN_ALLOCATION,QUOTE_PENDING
Iluminacion y senalizacion,1,100,PLAN_ALLOCATION,QUOTE_PENDING
Paro corte DC y protecciones,1,350,PLAN_ALLOCATION,QUOTE_PENDING
Cableado y terminales,1,300,PLAN_ALLOCATION,QUOTE_PENDING
Recipientes,4,400,PLAN_ALLOCATION_LOT_TOTAL,QUOTE_PENDING
Fabricacion funcional,1,1700,PLAN_ALLOCATION,QUOTE_PENDING
Repuestos,1,200,PLAN_ALLOCATION,QUOTE_PENDING
Envios,1,250,PLAN_ALLOCATION,QUOTE_PENDING
Reserva,1,900,PLAN_ALLOCATION,NOT_SPENT
