id,component_id,item,quantity,mvp_category,planned_mxn_2026_09_15,actual_quote_mxn,vendor,part_number,purchase_status
BOM-01,CMP-01,Raspberry Pi 5 2 GB,1,REQUIRED_MVP,,,,,
BOM-02,CMP-02,Raspberry Pi Camera Module 3 estándar visible,1,REQUIRED_MVP,,,,,
BOM-03,ELEC-03,Fuente oficial Raspberry Pi 5 27 W 5.1 V/5 A,1,REQUIRED_MVP,,,,,
BOM-04,ELEC-04,Active Cooler Raspberry Pi 5,1,REQUIRED_MVP,,,,,
BOM-05,CMP-05,microSD ADATA 64 GB Clase 10,1,REQUIRED_MVP,,,,,
BOM-06,CMP-06,Raspberry Pi Pico W con headers,1,REQUIRED_MVP,,,,,
BOM-07,HAR-07,CSI/FPC 15→22 pines 16–30 cm,1,REQUIRED_MVP,,,,,
BOM-08,HAR-08,USB-A→Micro-USB datos,1,REQUIRED_MVP,,,,,
BOM-09,ACT-09,"NEMA 17 17HS8401 bipolar 1.8°, 1.8 A/fase",1,TBC_MODEL,,,,,
BOM-10,MECH-10,soporte metálico NEMA 17,1,MECHANICAL,,,,,
BOM-11,MECH-11,acople flexible 5→8 mm,1,MECHANICAL,,,,,
BOM-12,ELEC-12,DRV8825,1,TBC_MODEL,,,,,
BOM-13,ELEC-13,disipador DRV8825,1,REQUIRED_MVP,,,,,
BOM-14,ELEC-14,capacitor 100 µF/35 V,2,REQUIRED_MVP,,,,,
BOM-15,ACT-15,MG996R engranes metálicos,1,TBC_MODEL,,,,,
BOM-16,MECH-16,horn de servo,1,MECHANICAL,,,,,
BOM-17,MECH-17,varilla metálica de enlace,1,MECHANICAL,,,,,
BOM-18,SENS-18,VL53L0X,4,TBC_MODEL,,,,,
BOM-19,SENS-19,celda de carga 1 kg + HX711,1,TBC_MODEL,,,,,
BOM-20,SENS-20,reed switch NO rotor,4,REQUIRED_MVP,,,,,
BOM-21,MECH-21,imán neodimio,1–2,MECHANICAL,,,,,
BOM-22,SENS-22,final de carrera compuerta CLOSED,1,REQUIRED_MVP,,,,,
BOM-23,SENS-23,final de carrera compuerta OPEN,1,REQUIRED_MVP,,,,,
BOM-24,SENS-24,final de carrera tapa superior,1,REQUIRED_MVP,,,,,
BOM-25,SENS-25,final de carrera puerta servicio,1,REQUIRED_MVP,,,,,
BOM-26,SENS-26,pulsador momentáneo de rearme,1,REQUIRED_MVP,,,,,
BOM-27,SENS-27,barrera óptica BIN0,1,TBC_MODEL,,,,,
BOM-28,SENS-28,barrera óptica BIN1,1,TBC_MODEL,,,,,
BOM-29,SENS-29,barrera óptica BIN2,1,TBC_MODEL,,,,,
BOM-30,SENS-30,barrera óptica BIN3,1,TBC_MODEL,,,,,
BOM-31,ELEC-31,fuente conmutada externa 12 V/5 A/60 W,1,REQUIRED_MVP,,,,,
BOM-32,ELEC-32,XL4005 buck 5 A → ≈6.0 V,1,TBC_MODEL,,,,,
BOM-33,SAFE-33,paro emergencia LAY37 enclavable NC+NO,1,REQUIRED_MVP,,,,,
BOM-34,SAFE-34,relevador 12 V 1 canal 10 A,1,TBC_MODEL,,,,,
BOM-35,SAFE-35,portafusible principal 5×20,1,REQUIRED_MVP,,,,,
BOM-36,SAFE-36,portafusible rama NEMA,1,REQUIRED_MVP,,,,,
BOM-37,SAFE-37,portafusible rama servo,1,REQUIRED_MVP,,,,,
BOM-38,SAFE-38,fusible principal ≈5 A,2,TBC_MODEL,,,,,
BOM-39,SAFE-39,fusible NEMA ≈2–3 A,2,TBC_MODEL,,,,,
BOM-40,SAFE-40,fusible servo ≈3–5 A,2,TBC_MODEL,,,,,
BOM-41,ELEC-41,1N4007,2,REQUIRED_MVP,,,,,
BOM-42,ELEC-42,indicador verde AD16-22D 12 V,1,OPTIONAL,,,,,
BOM-43,ELEC-43,indicador amarillo AD16-22D 12 V,1,OPTIONAL,,,,,
BOM-44,ELEC-44,indicador rojo AD16-22D 12 V,1,OPTIONAL,,,,,
BOM-45,ELEC-45,LED blanco recinto,1,REQUIRED_MVP,,,,,
BOM-46,MECH-46,difusor acrílico opalino,1,REQUIRED_MVP,,,,,
BOM-47,HAR-47,KF301 2 pines,6,CONSUMABLE,,,,,
BOM-48,HAR-48,KF301 3 pines,4,CONSUMABLE,,,,,
BOM-49,HAR-49,KF301 4 pines,4,CONSUMABLE,,,,,
BOM-50,HAR-50,header macho 2.54 mm 40 pines,2 tiras,CONSUMABLE,,,,,
BOM-51,HAR-51,kit terminales Faston/anillo/horquilla,1 kit,CONSUMABLE,,,,,
BOM-52,HAR-52,kit ferrules/virolas,1 kit,CONSUMABLE,,,,,
BOM-53,HAR-53,cable 18 AWG rojo,≈5 m,CONSUMABLE,,,,,
BOM-54,HAR-54,cable 18 AWG negro,≈5 m,CONSUMABLE,,,,,
BOM-55,HAR-55,cable 22 AWG rojo,≈5 m,CONSUMABLE,,,,,
BOM-56,HAR-56,cable 22 AWG negro,≈5 m,CONSUMABLE,,,,,
BOM-57,HAR-57,cable 22 AWG amarillo,≈5 m,CONSUMABLE,,,,,
BOM-58,HAR-58,cable 22 AWG azul,≈5 m,CONSUMABLE,,,,,
BOM-59,HAR-59,termorretráctil surtido,1 kit,CONSUMABLE,,,,,
BOM-60,HAR-60,cinchos,1 bolsa,CONSUMABLE,,,,,
BOM-61,HAR-61,bases adhesivas cinchos,1 bolsa,CONSUMABLE,,,,,
BOM-62,HAR-62,PG7/PG9,≈10,CONSUMABLE,,,,,
BOM-63,HAR-63,cinta aislante,1,CONSUMABLE,,,,,
BOM-64,BIN-64,recipientes 5–8 L,4,MECHANICAL,,,,,
BOM-65,MECH-65,bastidor/paneles funcionales,1 conjunto,MECHANICAL,,,,,
BOM-66,MECH-66,bandeja ≈200×200 mm,1,MECHANICAL,,,,,
BOM-67,MECH-67,compuerta ≈160×160 mm,1,MECHANICAL,,,,,
BOM-68,MECH-68,conducto/desviador rotatorio,1,MECHANICAL,,,,,
BOM-69,MECH-69,eje desviador,1,MECHANICAL,,,,,
BOM-70,MECH-70,rodamiento,2,MECHANICAL,,,,,
BOM-71,MECH-71,collarín,2,MECHANICAL,,,,,
BOM-72,MECH-72,bisagra compuerta,1,MECHANICAL,,,,,
BOM-73,MECH-73,bisagras tapa,2,MECHANICAL,,,,,
BOM-74,MECH-74,bisagras puerta servicio,2,MECHANICAL,,,,,
BOM-75,MECH-75,pestillo puerta servicio,1,MECHANICAL,,,,,
BOM-76,MECH-76,tornillería M3/M4/M5,surtida,MECHANICAL,,,,,
BOM-77,MECH-77,Nyloc + rondanas,surtidas,MECHANICAL,,,,,
BOM-78,SAFE-78,policarbonato/acrílico para resguardo,por medir,MECHANICAL,,,,,
BOM-79,MECH-79,PETG para guías/soportes,por medir,MECHANICAL,,,,,
BOM-80,MECH-80,fabricación mecánica completa,1 servicio,MECHANICAL,,,,,
BOM-81,SAFE-81,repuestos menores,1 lote,DEFERRED,,,,,
BOM-82,HAR-82,envíos/logística,1 partida,DEFERRED,,,,,
MVP-83,,Pull-up externo nEN a 3V3; resistencia TBC_MODEL,1,REQUIRED_MVP,,,,,
MVP-84,,Feedback potencia aislado/adaptado 12V -> logica <=3V3,1,TBC_MODEL,,,,,
MVP-85,,Superficie mate uniforme en bandeja,1,CONSUMABLE,,,,,
MVP-86,,Topes de sobrecarga para celda y retenedores de arnes,TBC_MEASURE,MECHANICAL,,,,,
