purchase_id,twin_bom_id,twin_component_id,source,status
BOM-01,BOM-01,CMP-01,TWIN,PENDING_PHYSICAL_VALIDATION
BOM-02,BOM-02,CMP-02,TWIN,PENDING_PHYSICAL_VALIDATION
BOM-03,BOM-03,ELEC-03,TWIN,PENDING_PHYSICAL_VALIDATION
BOM-04,BOM-04,ELEC-04,TWIN,PENDING_PHYSICAL_VALIDATION
BOM-05,BOM-05,CMP-05,TWIN,PENDING_PHYSICAL_VALIDATION
BOM-06,BOM-06,CMP-06,TWIN,PENDING_PHYSICAL_VALIDATION
BOM-07,BOM-07,HAR-07,TWIN,PENDING_PHYSICAL_VALIDATION
BOM-08,BOM-08,HAR-08,TWIN,PENDING_PHYSICAL_VALIDATION
BOM-09,BOM-09,ACT-09,TWIN,PENDING_PHYSICAL_VALIDATION
BOM-10,BOM-10,MECH-10,TWIN,PENDING_PHYSICAL_VALIDATION
BOM-11,BOM-11,MECH-11,TWIN,PENDING_PHYSICAL_VALIDATION
BOM-12,BOM-12,ELEC-12,TWIN,PENDING_PHYSICAL_VALIDATION
BOM-13,BOM-13,ELEC-13,TWIN,PENDING_PHYSICAL_VALIDATION
BOM-14,BOM-14,ELEC-14,TWIN,PENDING_PHYSICAL_VALIDATION
BOM-15,BOM-15,ACT-15,TWIN,PENDING_PHYSICAL_VALIDATION
BOM-16,BOM-16,MECH-16,TWIN,PENDING_PHYSICAL_VALIDATION
BOM-17,BOM-17,MECH-17,TWIN,PENDING_PHYSICAL_VALIDATION
BOM-18,BOM-18,SENS-18,TWIN,PENDING_PHYSICAL_VALIDATION
BOM-19,BOM-19,SENS-19,TWIN,PENDING_PHYSICAL_VALIDATION
BOM-20,BOM-20,SENS-20,TWIN,PENDING_PHYSICAL_VALIDATION
BOM-21,BOM-21,MECH-21,TWIN,PENDING_PHYSICAL_VALIDATION
BOM-22,BOM-22,SENS-22,TWIN,PENDING_PHYSICAL_VALIDATION
BOM-23,BOM-23,SENS-23,TWIN,PENDING_PHYSICAL_VALIDATION
BOM-24,BOM-24,SENS-24,TWIN,PENDING_PHYSICAL_VALIDATION
BOM-25,BOM-25,SENS-25,TWIN,PENDING_PHYSICAL_VALIDATION
BOM-26,BOM-26,SENS-26,TWIN,PENDING_PHYSICAL_VALIDATION
BOM-27,BOM-27,SENS-27,TWIN,PENDING_PHYSICAL_VALIDATION
BOM-28,BOM-28,SENS-28,TWIN,PENDING_PHYSICAL_VALIDATION
BOM-29,BOM-29,SENS-29,TWIN,PENDING_PHYSICAL_VALIDATION
BOM-30,BOM-30,SENS-30,TWIN,PENDING_PHYSICAL_VALIDATION
BOM-31,BOM-31,ELEC-31,TWIN,PENDING_PHYSICAL_VALIDATION
BOM-32,BOM-32,ELEC-32,TWIN,PENDING_PHYSICAL_VALIDATION
BOM-33,BOM-33,SAFE-33,TWIN,PENDING_PHYSICAL_VALIDATION
BOM-34,BOM-34,SAFE-34,TWIN,PENDING_PHYSICAL_VALIDATION
BOM-35,BOM-35,SAFE-35,TWIN,PENDING_PHYSICAL_VALIDATION
BOM-36,BOM-36,SAFE-36,TWIN,PENDING_PHYSICAL_VALIDATION
BOM-37,BOM-37,SAFE-37,TWIN,PENDING_PHYSICAL_VALIDATION
BOM-38,BOM-38,SAFE-38,TWIN,PENDING_PHYSICAL_VALIDATION
BOM-39,BOM-39,SAFE-39,TWIN,PENDING_PHYSICAL_VALIDATION
BOM-40,BOM-40,SAFE-40,TWIN,PENDING_PHYSICAL_VALIDATION
BOM-41,BOM-41,ELEC-41,TWIN,PENDING_PHYSICAL_VALIDATION
BOM-42,BOM-42,ELEC-42,TWIN,PENDING_PHYSICAL_VALIDATION
BOM-43,BOM-43,ELEC-43,TWIN,PENDING_PHYSICAL_VALIDATION
BOM-44,BOM-44,ELEC-44,TWIN,PENDING_PHYSICAL_VALIDATION
BOM-45,BOM-45,ELEC-45,TWIN,PENDING_PHYSICAL_VALIDATION
BOM-46,BOM-46,MECH-46,TWIN,PENDING_PHYSICAL_VALIDATION
BOM-47,BOM-47,HAR-47,TWIN,PENDING_PHYSICAL_VALIDATION
BOM-48,BOM-48,HAR-48,TWIN,PENDING_PHYSICAL_VALIDATION
BOM-49,BOM-49,HAR-49,TWIN,PENDING_PHYSICAL_VALIDATION
BOM-50,BOM-50,HAR-50,TWIN,PENDING_PHYSICAL_VALIDATION
BOM-51,BOM-51,HAR-51,TWIN,PENDING_PHYSICAL_VALIDATION
BOM-52,BOM-52,HAR-52,TWIN,PENDING_PHYSICAL_VALIDATION
BOM-53,BOM-53,HAR-53,TWIN,PENDING_PHYSICAL_VALIDATION
BOM-54,BOM-54,HAR-54,TWIN,PENDING_PHYSICAL_VALIDATION
BOM-55,BOM-55,HAR-55,TWIN,PENDING_PHYSICAL_VALIDATION
BOM-56,BOM-56,HAR-56,TWIN,PENDING_PHYSICAL_VALIDATION
BOM-57,BOM-57,HAR-57,TWIN,PENDING_PHYSICAL_VALIDATION
BOM-58,BOM-58,HAR-58,TWIN,PENDING_PHYSICAL_VALIDATION
BOM-59,BOM-59,HAR-59,TWIN,PENDING_PHYSICAL_VALIDATION
BOM-60,BOM-60,HAR-60,TWIN,PENDING_PHYSICAL_VALIDATION
BOM-61,BOM-61,HAR-61,TWIN,PENDING_PHYSICAL_VALIDATION
BOM-62,BOM-62,HAR-62,TWIN,PENDING_PHYSICAL_VALIDATION
BOM-63,BOM-63,HAR-63,TWIN,PENDING_PHYSICAL_VALIDATION
BOM-64,BOM-64,BIN-64,TWIN,PENDING_PHYSICAL_VALIDATION
BOM-65,BOM-65,MECH-65,TWIN,PENDING_PHYSICAL_VALIDATION
BOM-66,BOM-66,MECH-66,TWIN,PENDING_PHYSICAL_VALIDATION
BOM-67,BOM-67,MECH-67,TWIN,PENDING_PHYSICAL_VALIDATION
BOM-68,BOM-68,MECH-68,TWIN,PENDING_PHYSICAL_VALIDATION
BOM-69,BOM-69,MECH-69,TWIN,PENDING_PHYSICAL_VALIDATION
BOM-70,BOM-70,MECH-70,TWIN,PENDING_PHYSICAL_VALIDATION
BOM-71,BOM-71,MECH-71,TWIN,PENDING_PHYSICAL_VALIDATION
BOM-72,BOM-72,MECH-72,TWIN,PENDING_PHYSICAL_VALIDATION
BOM-73,BOM-73,MECH-73,TWIN,PENDING_PHYSICAL_VALIDATION
BOM-74,BOM-74,MECH-74,TWIN,PENDING_PHYSICAL_VALIDATION
BOM-75,BOM-75,MECH-75,TWIN,PENDING_PHYSICAL_VALIDATION
BOM-76,BOM-76,MECH-76,TWIN,PENDING_PHYSICAL_VALIDATION
BOM-77,BOM-77,MECH-77,TWIN,PENDING_PHYSICAL_VALIDATION
BOM-78,BOM-78,SAFE-78,TWIN,PENDING_PHYSICAL_VALIDATION
BOM-79,BOM-79,MECH-79,TWIN,PENDING_PHYSICAL_VALIDATION
BOM-80,BOM-80,MECH-80,TWIN,PENDING_PHYSICAL_VALIDATION
BOM-81,BOM-81,SAFE-81,TWIN,PENDING_PHYSICAL_VALIDATION
BOM-82,BOM-82,HAR-82,TWIN,PENDING_PHYSICAL_VALIDATION
MVP-83,,,MVP_ADDITION,PENDING_PHYSICAL_VALIDATION
MVP-84,,,MVP_ADDITION,PENDING_PHYSICAL_VALIDATION
MVP-85,,,MVP_ADDITION,PENDING_PHYSICAL_VALIDATION
MVP-86,,,MVP_ADDITION,PENDING_PHYSICAL_VALIDATION
