gpio,physical_pin,signal,status
0,1,STEP,REFERENCE_VERIFY_ON_BOARD
1,2,DIR,REFERENCE_VERIFY_ON_BOARD
2,4,nEN,REFERENCE_EXTERNAL_PULLUP_REQUIRED
3,5,SERVO_PWM,REFERENCE_EXTERNAL_POWER
4,6,I2C_SDA,REFERENCE_3V3
5,7,I2C_SCL,REFERENCE_3V3
6,9,TOF_XSHUT_0,REFERENCE_LOW_OR_HIGH_IMPEDANCE
7,10,TOF_XSHUT_1,REFERENCE_LOW_OR_HIGH_IMPEDANCE
8,11,TOF_XSHUT_2,REFERENCE_LOW_OR_HIGH_IMPEDANCE
9,12,TOF_XSHUT_3,REFERENCE_LOW_OR_HIGH_IMPEDANCE
10,14,HX711_DOUT,REFERENCE_3V3_LOGIC
11,15,HX711_SCK,REFERENCE_3V3_LOGIC
12,16,LID_CLOSED,REFERENCE_INDEPENDENT_POWER_CUT
13,17,GATE_CLOSED,REFERENCE_VERIFY_POLARITY
14,19,GATE_OPEN,REFERENCE_VERIFY_POLARITY
15,20,PHYSICAL_RESET,REFERENCE_VERIFY_POLARITY
16,21,ROTOR_INDEX_0,REFERENCE_VERIFY_POLARITY
17,22,ROTOR_INDEX_1,REFERENCE_VERIFY_POLARITY
18,24,ROTOR_INDEX_2,REFERENCE_VERIFY_POLARITY
19,25,ROTOR_INDEX_3,REFERENCE_VERIFY_POLARITY
20,26,FALL_BEAM_0,REFERENCE_VERIFY_POLARITY
21,27,FALL_BEAM_1,REFERENCE_VERIFY_POLARITY
22,29,FALL_BEAM_2,REFERENCE_VERIFY_POLARITY
26,31,FALL_BEAM_3,REFERENCE_VERIFY_POLARITY
27,32,SERVICE_CLOSED,REFERENCE_INDEPENDENT_POWER_CUT
28,34,ACTUATOR_POWER_FEEDBACK,REFERENCE_ISOLATED_OR_LEVEL_ADAPTED
