wire_id,from_component,from_pin,to_component,to_pin,signal,source_json,record_kind
W001,ELEC-03,USB-C,CMP-01,USB-C,LOGIC,"{""id"": ""W001"", ""harness_id"": ""HAR-P"", ""from_component"": ""ELEC-03"", ""from_pin"": ""USB-C"", ""to_component"": ""CMP-01"", ""to_pin"": ""USB-C"", ""voltage"": ""5.1 V"", ""signal"": ""LOGIC"", ""awg"": null, ""color"": ""negro"", ""connector"": ""Cable fuente oficial"", ""fuse"": ""fuente"", ""route"": ""R-L exterior/alivio"", ""protection"": ""Termorretr\u00e1ctil + alivio; se\u00f1al \u22643.3 V"", ""status"": ""REFERENCE"", ""kind"": ""POWER"", ""length_mm"": ""TBC-MEDIR""}",TWIN
W002,CMP-01,CSI22,CMP-02,CSI15,CSI,"{""id"": ""W002"", ""harness_id"": ""HAR-S"", ""from_component"": ""CMP-01"", ""from_pin"": ""CSI22"", ""to_component"": ""CMP-02"", ""to_pin"": ""CSI15"", ""voltage"": ""CSI"", ""signal"": ""CSI"", ""awg"": null, ""color"": ""FPC"", ""connector"": ""HAR-07"", ""fuse"": ""\u2014"", ""route"": ""R-C alto; radio TBC"", ""protection"": ""Termorretr\u00e1ctil + alivio; se\u00f1al \u22643.3 V"", ""status"": ""REFERENCE"", ""kind"": ""SIGNAL"", ""length_mm"": ""TBC-MEDIR""}",TWIN
W003,CMP-01,FAN,ELEC-04,FAN,FAN,"{""id"": ""W003"", ""harness_id"": ""HAR-P"", ""from_component"": ""CMP-01"", ""from_pin"": ""FAN"", ""to_component"": ""ELEC-04"", ""to_pin"": ""FAN"", ""voltage"": ""seg\u00fan Pi"", ""signal"": ""FAN"", ""awg"": null, ""color"": ""cable original"", ""connector"": ""conector original"", ""fuse"": ""\u2014"", ""route"": ""R-S posterior se\u00f1al"", ""protection"": ""Termorretr\u00e1ctil + alivio; se\u00f1al \u22643.3 V"", ""status"": ""REFERENCE"", ""kind"": ""POWER"", ""length_mm"": ""TBC-MEDIR""}",TWIN
W004,CMP-01,USB-A,CMP-06,USB,USB CDC,"{""id"": ""W004"", ""harness_id"": ""HAR-P"", ""from_component"": ""CMP-01"", ""from_pin"": ""USB-A"", ""to_component"": ""CMP-06"", ""to_pin"": ""USB"", ""voltage"": ""USB 5 V + datos"", ""signal"": ""USB CDC"", ""awg"": null, ""color"": ""negro"", ""connector"": ""HAR-08"", ""fuse"": ""\u2014"", ""route"": ""R-S posterior se\u00f1al"", ""protection"": ""Termorretr\u00e1ctil + alivio; se\u00f1al \u22643.3 V"", ""status"": ""REFERENCE"", ""kind"": ""POWER"", ""length_mm"": ""TBC-MEDIR""}",TWIN
W005,CMP-01,SD,CMP-05,contactos,STORAGE,"{""id"": ""W005"", ""harness_id"": ""HAR-S"", ""from_component"": ""CMP-01"", ""from_pin"": ""SD"", ""to_component"": ""CMP-05"", ""to_pin"": ""contactos"", ""voltage"": ""bus SD"", ""signal"": ""STORAGE"", ""awg"": null, ""color"": ""integrado"", ""connector"": ""ranura SD"", ""fuse"": ""\u2014"", ""route"": ""R-S posterior se\u00f1al"", ""protection"": ""Termorretr\u00e1ctil + alivio; se\u00f1al \u22643.3 V"", ""status"": ""REFERENCE"", ""kind"": ""SIGNAL"", ""length_mm"": ""TBC-MEDIR""}",TWIN
W006,ELEC-31,+,SAFE-35,IN,MAIN,"{""id"": ""W006"", ""harness_id"": ""HAR-P"", ""from_component"": ""ELEC-31"", ""from_pin"": ""+"", ""to_component"": ""SAFE-35"", ""to_pin"": ""IN"", ""voltage"": ""12 V"", ""signal"": ""MAIN"", ""awg"": 18, ""color"": ""rojo"", ""connector"": ""J01:1"", ""fuse"": ""SAFE-38-ACTIVE"", ""route"": ""R-P potencia fija"", ""protection"": ""Termorretr\u00e1ctil + alivio; se\u00f1al \u22643.3 V"", ""status"": ""REFERENCE"", ""kind"": ""POWER"", ""length_mm"": ""TBC-MEDIR""}",TWIN
W007,SAFE-35,OUT,SAFE-34,COM,PROTECTED,"{""id"": ""W007"", ""harness_id"": ""HAR-P"", ""from_component"": ""SAFE-35"", ""from_pin"": ""OUT"", ""to_component"": ""SAFE-34"", ""to_pin"": ""COM"", ""voltage"": ""12 V"", ""signal"": ""PROTECTED"", ""awg"": 18, ""color"": ""rojo"", ""connector"": ""J02:1"", ""fuse"": ""SAFE-38-ACTIVE"", ""route"": ""R-P potencia fija"", ""protection"": ""Termorretr\u00e1ctil + alivio; se\u00f1al \u22643.3 V"", ""status"": ""REFERENCE"", ""kind"": ""POWER"", ""length_mm"": ""TBC-MEDIR""}",TWIN
W008,SAFE-34,NO,SAFE-36,IN,MOTOR BRANCH,"{""id"": ""W008"", ""harness_id"": ""HAR-P"", ""from_component"": ""SAFE-34"", ""from_pin"": ""NO"", ""to_component"": ""SAFE-36"", ""to_pin"": ""IN"", ""voltage"": ""12 V switched"", ""signal"": ""MOTOR BRANCH"", ""awg"": 18, ""color"": ""rojo"", ""connector"": ""J03:1"", ""fuse"": ""SAFE-39-ACTIVE"", ""route"": ""R-P potencia fija"", ""protection"": ""Termorretr\u00e1ctil + alivio; se\u00f1al \u22643.3 V"", ""status"": ""REFERENCE"", ""kind"": ""POWER"", ""length_mm"": ""TBC-MEDIR""}",TWIN
W009,SAFE-36,OUT,ELEC-12,VMOT,VMOT,"{""id"": ""W009"", ""harness_id"": ""HAR-P"", ""from_component"": ""SAFE-36"", ""from_pin"": ""OUT"", ""to_component"": ""ELEC-12"", ""to_pin"": ""VMOT"", ""voltage"": ""12 V switched"", ""signal"": ""VMOT"", ""awg"": 18, ""color"": ""rojo"", ""connector"": ""J03:1"", ""fuse"": ""SAFE-39-ACTIVE"", ""route"": ""R-P potencia fija"", ""protection"": ""Termorretr\u00e1ctil + alivio; se\u00f1al \u22643.3 V"", ""status"": ""REFERENCE"", ""kind"": ""POWER"", ""length_mm"": ""TBC-MEDIR""}",TWIN
W010,SAFE-34,NO,SAFE-37,IN,SERVO BRANCH,"{""id"": ""W010"", ""harness_id"": ""HAR-P"", ""from_component"": ""SAFE-34"", ""from_pin"": ""NO"", ""to_component"": ""SAFE-37"", ""to_pin"": ""IN"", ""voltage"": ""12 V switched"", ""signal"": ""SERVO BRANCH"", ""awg"": 18, ""color"": ""rojo"", ""connector"": ""J04:1"", ""fuse"": ""SAFE-40-ACTIVE"", ""route"": ""R-P potencia fija"", ""protection"": ""Termorretr\u00e1ctil + alivio; se\u00f1al \u22643.3 V"", ""status"": ""REFERENCE"", ""kind"": ""POWER"", ""length_mm"": ""TBC-MEDIR""}",TWIN
W011,SAFE-37,OUT,ELEC-32,IN+,BUCK INPUT,"{""id"": ""W011"", ""harness_id"": ""HAR-P"", ""from_component"": ""SAFE-37"", ""from_pin"": ""OUT"", ""to_component"": ""ELEC-32"", ""to_pin"": ""IN+"", ""voltage"": ""12 V switched"", ""signal"": ""BUCK INPUT"", ""awg"": 18, ""color"": ""rojo"", ""connector"": ""J04:1"", ""fuse"": ""SAFE-40-ACTIVE"", ""route"": ""R-P potencia fija"", ""protection"": ""Termorretr\u00e1ctil + alivio; se\u00f1al \u22643.3 V"", ""status"": ""REFERENCE"", ""kind"": ""POWER"", ""length_mm"": ""TBC-MEDIR""}",TWIN
W012,ELEC-32,OUT+,ACT-15,V+,SERVO POWER,"{""id"": ""W012"", ""harness_id"": ""HAR-P"", ""from_component"": ""ELEC-32"", ""from_pin"": ""OUT+"", ""to_component"": ""ACT-15"", ""to_pin"": ""V+"", ""voltage"": ""6 V"", ""signal"": ""SERVO POWER"", ""awg"": 18, ""color"": ""rojo"", ""connector"": ""J05:1\u2192J07:1"", ""fuse"": ""SAFE-40-ACTIVE"", ""route"": ""R-P potencia fija"", ""protection"": ""Termorretr\u00e1ctil + alivio; se\u00f1al \u22643.3 V"", ""status"": ""REFERENCE"", ""kind"": ""POWER"", ""length_mm"": ""TBC-MEDIR""}",TWIN
W013,ELEC-12,PGND,ELEC-31,−,POWER RETURN,"{""id"": ""W013"", ""harness_id"": ""HAR-P"", ""from_component"": ""ELEC-12"", ""from_pin"": ""PGND"", ""to_component"": ""ELEC-31"", ""to_pin"": ""\u2212"", ""voltage"": ""0 V"", ""signal"": ""POWER RETURN"", ""awg"": 18, ""color"": ""negro"", ""connector"": ""J03:2"", ""fuse"": ""\u2014"", ""route"": ""R-P estrella potencia"", ""protection"": ""Termorretr\u00e1ctil + alivio; se\u00f1al \u22643.3 V"", ""status"": ""REFERENCE"", ""kind"": ""POWER"", ""length_mm"": ""TBC-MEDIR""}",TWIN
W014,ELEC-32,IN−,ELEC-31,−,POWER RETURN,"{""id"": ""W014"", ""harness_id"": ""HAR-P"", ""from_component"": ""ELEC-32"", ""from_pin"": ""IN\u2212"", ""to_component"": ""ELEC-31"", ""to_pin"": ""\u2212"", ""voltage"": ""0 V"", ""signal"": ""POWER RETURN"", ""awg"": 18, ""color"": ""negro"", ""connector"": ""J04:2"", ""fuse"": ""\u2014"", ""route"": ""R-P estrella potencia"", ""protection"": ""Termorretr\u00e1ctil + alivio; se\u00f1al \u22643.3 V"", ""status"": ""REFERENCE"", ""kind"": ""POWER"", ""length_mm"": ""TBC-MEDIR""}",TWIN
W015,ACT-15,GND,ELEC-31,−,POWER RETURN,"{""id"": ""W015"", ""harness_id"": ""HAR-P"", ""from_component"": ""ACT-15"", ""from_pin"": ""GND"", ""to_component"": ""ELEC-31"", ""to_pin"": ""\u2212"", ""voltage"": ""0 V"", ""signal"": ""POWER RETURN"", ""awg"": 18, ""color"": ""negro"", ""connector"": ""J07:2"", ""fuse"": ""\u2014"", ""route"": ""R-P estrella potencia"", ""protection"": ""Termorretr\u00e1ctil + alivio; se\u00f1al \u22643.3 V"", ""status"": ""REFERENCE"", ""kind"": ""POWER"", ""length_mm"": ""TBC-MEDIR""}",TWIN
W016,SAFE-34,COIL−,ELEC-31,−,POWER RETURN,"{""id"": ""W016"", ""harness_id"": ""HAR-P"", ""from_component"": ""SAFE-34"", ""from_pin"": ""COIL\u2212"", ""to_component"": ""ELEC-31"", ""to_pin"": ""\u2212"", ""voltage"": ""0 V"", ""signal"": ""POWER RETURN"", ""awg"": 18, ""color"": ""negro"", ""connector"": ""J08:2"", ""fuse"": ""\u2014"", ""route"": ""R-P estrella potencia"", ""protection"": ""Termorretr\u00e1ctil + alivio; se\u00f1al \u22643.3 V"", ""status"": ""REFERENCE"", ""kind"": ""POWER"", ""length_mm"": ""TBC-MEDIR""}",TWIN
W017,ELEC-32,OUT−,ELEC-31,−,BUCK COMMON,"{""id"": ""W017"", ""harness_id"": ""HAR-P"", ""from_component"": ""ELEC-32"", ""from_pin"": ""OUT\u2212"", ""to_component"": ""ELEC-31"", ""to_pin"": ""\u2212"", ""voltage"": ""0 V"", ""signal"": ""BUCK COMMON"", ""awg"": 18, ""color"": ""negro"", ""connector"": ""J05:2"", ""fuse"": ""\u2014"", ""route"": ""R-S posterior se\u00f1al"", ""protection"": ""Termorretr\u00e1ctil + alivio; se\u00f1al \u22643.3 V"", ""status"": ""REFERENCE"", ""kind"": ""POWER"", ""length_mm"": ""TBC-MEDIR""}",TWIN
W018,CMP-06,GND pin38,ELEC-31,− estrella,SINGLE SIGNAL REFERENCE,"{""id"": ""W018"", ""harness_id"": ""HAR-P"", ""from_component"": ""CMP-06"", ""from_pin"": ""GND pin38"", ""to_component"": ""ELEC-31"", ""to_pin"": ""\u2212 estrella"", ""voltage"": ""0 V"", ""signal"": ""SINGLE SIGNAL REFERENCE"", ""awg"": 22, ""color"": ""negro"", ""connector"": ""J10:2"", ""fuse"": ""\u2014"", ""route"": ""R-S uni\u00f3n \u00fanica junto entrada potencia"", ""protection"": ""Termorretr\u00e1ctil + alivio; se\u00f1al \u22643.3 V"", ""status"": ""REFERENCE"", ""kind"": ""POWER"", ""length_mm"": ""TBC-MEDIR""}",TWIN
W019,ELEC-12,VMOT,ELEC-14-0,+,DECOUPLING,"{""id"": ""W019"", ""harness_id"": ""HAR-P"", ""from_component"": ""ELEC-12"", ""from_pin"": ""VMOT"", ""to_component"": ""ELEC-14-0"", ""to_pin"": ""+"", ""voltage"": ""12 V switched"", ""signal"": ""DECOUPLING"", ""awg"": 18, ""color"": ""rojo"", ""connector"": ""terminal corto"", ""fuse"": ""\u2014"", ""route"": ""R-S posterior se\u00f1al"", ""protection"": ""Termorretr\u00e1ctil + alivio; se\u00f1al \u22643.3 V"", ""status"": ""REFERENCE"", ""kind"": ""POWER"", ""length_mm"": ""TBC-MEDIR""}",TWIN
W020,ELEC-14-0,−,ELEC-31,−,CAP RETURN,"{""id"": ""W020"", ""harness_id"": ""HAR-P"", ""from_component"": ""ELEC-14-0"", ""from_pin"": ""\u2212"", ""to_component"": ""ELEC-31"", ""to_pin"": ""\u2212"", ""voltage"": ""0 V"", ""signal"": ""CAP RETURN"", ""awg"": 18, ""color"": ""negro"", ""connector"": ""terminal corto"", ""fuse"": ""\u2014"", ""route"": ""R-S posterior se\u00f1al"", ""protection"": ""Termorretr\u00e1ctil + alivio; se\u00f1al \u22643.3 V"", ""status"": ""REFERENCE"", ""kind"": ""POWER"", ""length_mm"": ""TBC-MEDIR""}",TWIN
W021,ELEC-32,IN+,ELEC-14-1,+,DECOUPLING,"{""id"": ""W021"", ""harness_id"": ""HAR-P"", ""from_component"": ""ELEC-32"", ""from_pin"": ""IN+"", ""to_component"": ""ELEC-14-1"", ""to_pin"": ""+"", ""voltage"": ""12 V switched"", ""signal"": ""DECOUPLING"", ""awg"": 18, ""color"": ""rojo"", ""connector"": ""terminal corto"", ""fuse"": ""\u2014"", ""route"": ""R-S posterior se\u00f1al"", ""protection"": ""Termorretr\u00e1ctil + alivio; se\u00f1al \u22643.3 V"", ""status"": ""REFERENCE"", ""kind"": ""POWER"", ""length_mm"": ""TBC-MEDIR""}",TWIN
W022,ELEC-14-1,−,ELEC-31,−,CAP RETURN,"{""id"": ""W022"", ""harness_id"": ""HAR-P"", ""from_component"": ""ELEC-14-1"", ""from_pin"": ""\u2212"", ""to_component"": ""ELEC-31"", ""to_pin"": ""\u2212"", ""voltage"": ""0 V"", ""signal"": ""CAP RETURN"", ""awg"": 18, ""color"": ""negro"", ""connector"": ""terminal corto"", ""fuse"": ""\u2014"", ""route"": ""R-S posterior se\u00f1al"", ""protection"": ""Termorretr\u00e1ctil + alivio; se\u00f1al \u22643.3 V"", ""status"": ""REFERENCE"", ""kind"": ""POWER"", ""length_mm"": ""TBC-MEDIR""}",TWIN
W023,ELEC-12,A1,ACT-09,coil A end1,COIL,"{""id"": ""W023"", ""harness_id"": ""HAR-P"", ""from_component"": ""ELEC-12"", ""from_pin"": ""A1"", ""to_component"": ""ACT-09"", ""to_pin"": ""coil A end1"", ""voltage"": ""PWM bobina"", ""signal"": ""COIL"", ""awg"": 18, ""color"": ""rojo"", ""connector"": ""J11:1"", ""fuse"": ""SAFE-39-ACTIVE"", ""route"": ""R-M bobinas separadas se\u00f1al"", ""protection"": ""Termorretr\u00e1ctil + alivio; se\u00f1al \u22643.3 V"", ""status"": ""REFERENCE"", ""kind"": ""ACTUATORS"", ""length_mm"": ""TBC-MEDIR""}",TWIN
W024,ELEC-12,A2,ACT-09,coil A end2,COIL,"{""id"": ""W024"", ""harness_id"": ""HAR-P"", ""from_component"": ""ELEC-12"", ""from_pin"": ""A2"", ""to_component"": ""ACT-09"", ""to_pin"": ""coil A end2"", ""voltage"": ""PWM bobina"", ""signal"": ""COIL"", ""awg"": 18, ""color"": ""negro"", ""connector"": ""J11:2"", ""fuse"": ""SAFE-39-ACTIVE"", ""route"": ""R-M bobinas separadas se\u00f1al"", ""protection"": ""Termorretr\u00e1ctil + alivio; se\u00f1al \u22643.3 V"", ""status"": ""REFERENCE"", ""kind"": ""ACTUATORS"", ""length_mm"": ""TBC-MEDIR""}",TWIN
W025,ELEC-12,B1,ACT-09,coil B end1,COIL,"{""id"": ""W025"", ""harness_id"": ""HAR-P"", ""from_component"": ""ELEC-12"", ""from_pin"": ""B1"", ""to_component"": ""ACT-09"", ""to_pin"": ""coil B end1"", ""voltage"": ""PWM bobina"", ""signal"": ""COIL"", ""awg"": 18, ""color"": ""rojo"", ""connector"": ""J11:3"", ""fuse"": ""SAFE-39-ACTIVE"", ""route"": ""R-M bobinas separadas se\u00f1al"", ""protection"": ""Termorretr\u00e1ctil + alivio; se\u00f1al \u22643.3 V"", ""status"": ""REFERENCE"", ""kind"": ""ACTUATORS"", ""length_mm"": ""TBC-MEDIR""}",TWIN
W026,ELEC-12,B2,ACT-09,coil B end2,COIL,"{""id"": ""W026"", ""harness_id"": ""HAR-P"", ""from_component"": ""ELEC-12"", ""from_pin"": ""B2"", ""to_component"": ""ACT-09"", ""to_pin"": ""coil B end2"", ""voltage"": ""PWM bobina"", ""signal"": ""COIL"", ""awg"": 18, ""color"": ""negro"", ""connector"": ""J11:4"", ""fuse"": ""SAFE-39-ACTIVE"", ""route"": ""R-M bobinas separadas se\u00f1al"", ""protection"": ""Termorretr\u00e1ctil + alivio; se\u00f1al \u22643.3 V"", ""status"": ""REFERENCE"", ""kind"": ""ACTUATORS"", ""length_mm"": ""TBC-MEDIR""}",TWIN
W027,CMP-06,GPIO0 / pin1,ELEC-12,STEP,STEP,"{""id"": ""W027"", ""harness_id"": ""HAR-S"", ""from_component"": ""CMP-06"", ""from_pin"": ""GPIO0 / pin1"", ""to_component"": ""ELEC-12"", ""to_pin"": ""STEP"", ""voltage"": ""\u22643.3 V"", ""signal"": ""STEP"", ""awg"": 22, ""color"": ""amarillo"", ""connector"": ""H01:1"", ""fuse"": ""\u2014"", ""route"": ""R-S se\u00f1al fija"", ""protection"": ""Termorretr\u00e1ctil + alivio; se\u00f1al \u22643.3 V"", ""status"": ""REFERENCE"", ""kind"": ""SIGNAL"", ""length_mm"": ""TBC-MEDIR""}",TWIN
W028,CMP-06,GPIO1 / pin2,ELEC-12,DIR,DIR,"{""id"": ""W028"", ""harness_id"": ""HAR-S"", ""from_component"": ""CMP-06"", ""from_pin"": ""GPIO1 / pin2"", ""to_component"": ""ELEC-12"", ""to_pin"": ""DIR"", ""voltage"": ""\u22643.3 V"", ""signal"": ""DIR"", ""awg"": 22, ""color"": ""azul"", ""connector"": ""H01:2"", ""fuse"": ""\u2014"", ""route"": ""R-S se\u00f1al fija"", ""protection"": ""Termorretr\u00e1ctil + alivio; se\u00f1al \u22643.3 V"", ""status"": ""REFERENCE"", ""kind"": ""SIGNAL"", ""length_mm"": ""TBC-MEDIR""}",TWIN
W029,CMP-06,GPIO2 / pin4,ELEC-12,nEN,nEN,"{""id"": ""W029"", ""harness_id"": ""HAR-S"", ""from_component"": ""CMP-06"", ""from_pin"": ""GPIO2 / pin4"", ""to_component"": ""ELEC-12"", ""to_pin"": ""nEN"", ""voltage"": ""\u22643.3 V"", ""signal"": ""nEN"", ""awg"": 22, ""color"": ""amarillo"", ""connector"": ""H01:3"", ""fuse"": ""\u2014"", ""route"": ""R-S se\u00f1al fija"", ""protection"": ""Termorretr\u00e1ctil + alivio; se\u00f1al \u22643.3 V"", ""status"": ""BLOCKER"", ""kind"": ""SIGNAL"", ""length_mm"": ""TBC-MEDIR""}",TWIN
W030,CMP-06,GPIO3 / pin5,ACT-15,SERVO PWM,SERVO PWM,"{""id"": ""W030"", ""harness_id"": ""HAR-S"", ""from_component"": ""CMP-06"", ""from_pin"": ""GPIO3 / pin5"", ""to_component"": ""ACT-15"", ""to_pin"": ""SERVO PWM"", ""voltage"": ""\u22643.3 V"", ""signal"": ""SERVO PWM"", ""awg"": 22, ""color"": ""azul"", ""connector"": ""H01:4"", ""fuse"": ""\u2014"", ""route"": ""R-S se\u00f1al; bucle libre bandeja"", ""protection"": ""Termorretr\u00e1ctil + alivio; se\u00f1al \u22643.3 V"", ""status"": ""REFERENCE"", ""kind"": ""SIGNAL"", ""length_mm"": ""TBC-MEDIR""}",TWIN
W031,CMP-06,GPIO4 / pin6,SENS-TOF0,SDA,SDA,"{""id"": ""W031"", ""harness_id"": ""HAR-S"", ""from_component"": ""CMP-06"", ""from_pin"": ""GPIO4 / pin6"", ""to_component"": ""SENS-TOF0"", ""to_pin"": ""SDA"", ""voltage"": ""3.3 V"", ""signal"": ""SDA"", ""awg"": 22, ""color"": ""amarillo"", ""connector"": ""J13 / H02"", ""fuse"": ""\u2014"", ""route"": ""R-I bus corto separado bobinas"", ""protection"": ""Termorretr\u00e1ctil + alivio; se\u00f1al \u22643.3 V"", ""status"": ""REFERENCE"", ""kind"": ""I2C"", ""length_mm"": ""TBC-MEDIR""}",TWIN
W032,CMP-06,GPIO4 / pin6,SENS-TOF1,SDA,SDA,"{""id"": ""W032"", ""harness_id"": ""HAR-S"", ""from_component"": ""CMP-06"", ""from_pin"": ""GPIO4 / pin6"", ""to_component"": ""SENS-TOF1"", ""to_pin"": ""SDA"", ""voltage"": ""3.3 V"", ""signal"": ""SDA"", ""awg"": 22, ""color"": ""amarillo"", ""connector"": ""J13 / H02"", ""fuse"": ""\u2014"", ""route"": ""R-I bus corto separado bobinas"", ""protection"": ""Termorretr\u00e1ctil + alivio; se\u00f1al \u22643.3 V"", ""status"": ""REFERENCE"", ""kind"": ""I2C"", ""length_mm"": ""TBC-MEDIR""}",TWIN
W033,CMP-06,GPIO4 / pin6,SENS-TOF2,SDA,SDA,"{""id"": ""W033"", ""harness_id"": ""HAR-S"", ""from_component"": ""CMP-06"", ""from_pin"": ""GPIO4 / pin6"", ""to_component"": ""SENS-TOF2"", ""to_pin"": ""SDA"", ""voltage"": ""3.3 V"", ""signal"": ""SDA"", ""awg"": 22, ""color"": ""amarillo"", ""connector"": ""J13 / H02"", ""fuse"": ""\u2014"", ""route"": ""R-I bus corto separado bobinas"", ""protection"": ""Termorretr\u00e1ctil + alivio; se\u00f1al \u22643.3 V"", ""status"": ""REFERENCE"", ""kind"": ""I2C"", ""length_mm"": ""TBC-MEDIR""}",TWIN
W034,CMP-06,GPIO4 / pin6,SENS-TOF3,SDA,SDA,"{""id"": ""W034"", ""harness_id"": ""HAR-S"", ""from_component"": ""CMP-06"", ""from_pin"": ""GPIO4 / pin6"", ""to_component"": ""SENS-TOF3"", ""to_pin"": ""SDA"", ""voltage"": ""3.3 V"", ""signal"": ""SDA"", ""awg"": 22, ""color"": ""amarillo"", ""connector"": ""J13 / H02"", ""fuse"": ""\u2014"", ""route"": ""R-I bus corto separado bobinas"", ""protection"": ""Termorretr\u00e1ctil + alivio; se\u00f1al \u22643.3 V"", ""status"": ""REFERENCE"", ""kind"": ""I2C"", ""length_mm"": ""TBC-MEDIR""}",TWIN
W035,CMP-06,GPIO5 / pin7,SENS-TOF0,SCL,SCL,"{""id"": ""W035"", ""harness_id"": ""HAR-S"", ""from_component"": ""CMP-06"", ""from_pin"": ""GPIO5 / pin7"", ""to_component"": ""SENS-TOF0"", ""to_pin"": ""SCL"", ""voltage"": ""3.3 V"", ""signal"": ""SCL"", ""awg"": 22, ""color"": ""azul"", ""connector"": ""J13 / H02"", ""fuse"": ""\u2014"", ""route"": ""R-I bus corto separado bobinas"", ""protection"": ""Termorretr\u00e1ctil + alivio; se\u00f1al \u22643.3 V"", ""status"": ""REFERENCE"", ""kind"": ""I2C"", ""length_mm"": ""TBC-MEDIR""}",TWIN
W036,CMP-06,GPIO5 / pin7,SENS-TOF1,SCL,SCL,"{""id"": ""W036"", ""harness_id"": ""HAR-S"", ""from_component"": ""CMP-06"", ""from_pin"": ""GPIO5 / pin7"", ""to_component"": ""SENS-TOF1"", ""to_pin"": ""SCL"", ""voltage"": ""3.3 V"", ""signal"": ""SCL"", ""awg"": 22, ""color"": ""azul"", ""connector"": ""J13 / H02"", ""fuse"": ""\u2014"", ""route"": ""R-I bus corto separado bobinas"", ""protection"": ""Termorretr\u00e1ctil + alivio; se\u00f1al \u22643.3 V"", ""status"": ""REFERENCE"", ""kind"": ""I2C"", ""length_mm"": ""TBC-MEDIR""}",TWIN
W037,CMP-06,GPIO5 / pin7,SENS-TOF2,SCL,SCL,"{""id"": ""W037"", ""harness_id"": ""HAR-S"", ""from_component"": ""CMP-06"", ""from_pin"": ""GPIO5 / pin7"", ""to_component"": ""SENS-TOF2"", ""to_pin"": ""SCL"", ""voltage"": ""3.3 V"", ""signal"": ""SCL"", ""awg"": 22, ""color"": ""azul"", ""connector"": ""J13 / H02"", ""fuse"": ""\u2014"", ""route"": ""R-I bus corto separado bobinas"", ""protection"": ""Termorretr\u00e1ctil + alivio; se\u00f1al \u22643.3 V"", ""status"": ""REFERENCE"", ""kind"": ""I2C"", ""length_mm"": ""TBC-MEDIR""}",TWIN
W038,CMP-06,GPIO5 / pin7,SENS-TOF3,SCL,SCL,"{""id"": ""W038"", ""harness_id"": ""HAR-S"", ""from_component"": ""CMP-06"", ""from_pin"": ""GPIO5 / pin7"", ""to_component"": ""SENS-TOF3"", ""to_pin"": ""SCL"", ""voltage"": ""3.3 V"", ""signal"": ""SCL"", ""awg"": 22, ""color"": ""azul"", ""connector"": ""J13 / H02"", ""fuse"": ""\u2014"", ""route"": ""R-I bus corto separado bobinas"", ""protection"": ""Termorretr\u00e1ctil + alivio; se\u00f1al \u22643.3 V"", ""status"": ""REFERENCE"", ""kind"": ""I2C"", ""length_mm"": ""TBC-MEDIR""}",TWIN
W039,CMP-06,GPIO6 / pin9,SENS-TOF0,XSHUT0,XSHUT0,"{""id"": ""W039"", ""harness_id"": ""HAR-S"", ""from_component"": ""CMP-06"", ""from_pin"": ""GPIO6 / pin9"", ""to_component"": ""SENS-TOF0"", ""to_pin"": ""XSHUT0"", ""voltage"": ""\u22643.3 V"", ""signal"": ""XSHUT0"", ""awg"": 22, ""color"": ""amarillo"", ""connector"": ""H01:7"", ""fuse"": ""\u2014"", ""route"": ""R-S se\u00f1al fija"", ""protection"": ""Termorretr\u00e1ctil + alivio; se\u00f1al \u22643.3 V"", ""status"": ""REFERENCE"", ""kind"": ""SIGNAL"", ""length_mm"": ""TBC-MEDIR""}",TWIN
W040,CMP-06,GPIO7 / pin10,SENS-TOF1,XSHUT1,XSHUT1,"{""id"": ""W040"", ""harness_id"": ""HAR-S"", ""from_component"": ""CMP-06"", ""from_pin"": ""GPIO7 / pin10"", ""to_component"": ""SENS-TOF1"", ""to_pin"": ""XSHUT1"", ""voltage"": ""\u22643.3 V"", ""signal"": ""XSHUT1"", ""awg"": 22, ""color"": ""azul"", ""connector"": ""H01:8"", ""fuse"": ""\u2014"", ""route"": ""R-S se\u00f1al fija"", ""protection"": ""Termorretr\u00e1ctil + alivio; se\u00f1al \u22643.3 V"", ""status"": ""REFERENCE"", ""kind"": ""SIGNAL"", ""length_mm"": ""TBC-MEDIR""}",TWIN
W041,CMP-06,GPIO8 / pin11,SENS-TOF2,XSHUT2,XSHUT2,"{""id"": ""W041"", ""harness_id"": ""HAR-S"", ""from_component"": ""CMP-06"", ""from_pin"": ""GPIO8 / pin11"", ""to_component"": ""SENS-TOF2"", ""to_pin"": ""XSHUT2"", ""voltage"": ""\u22643.3 V"", ""signal"": ""XSHUT2"", ""awg"": 22, ""color"": ""amarillo"", ""connector"": ""H01:9"", ""fuse"": ""\u2014"", ""route"": ""R-S se\u00f1al fija"", ""protection"": ""Termorretr\u00e1ctil + alivio; se\u00f1al \u22643.3 V"", ""status"": ""REFERENCE"", ""kind"": ""SIGNAL"", ""length_mm"": ""TBC-MEDIR""}",TWIN
W042,CMP-06,GPIO9 / pin12,SENS-TOF3,XSHUT3,XSHUT3,"{""id"": ""W042"", ""harness_id"": ""HAR-S"", ""from_component"": ""CMP-06"", ""from_pin"": ""GPIO9 / pin12"", ""to_component"": ""SENS-TOF3"", ""to_pin"": ""XSHUT3"", ""voltage"": ""\u22643.3 V"", ""signal"": ""XSHUT3"", ""awg"": 22, ""color"": ""azul"", ""connector"": ""H01:10"", ""fuse"": ""\u2014"", ""route"": ""R-S se\u00f1al fija"", ""protection"": ""Termorretr\u00e1ctil + alivio; se\u00f1al \u22643.3 V"", ""status"": ""REFERENCE"", ""kind"": ""SIGNAL"", ""length_mm"": ""TBC-MEDIR""}",TWIN
W043,CMP-06,GPIO10 / pin14,ELEC-HX711,HX711 DOUT,HX711 DOUT,"{""id"": ""W043"", ""harness_id"": ""HAR-S"", ""from_component"": ""CMP-06"", ""from_pin"": ""GPIO10 / pin14"", ""to_component"": ""ELEC-HX711"", ""to_pin"": ""HX711 DOUT"", ""voltage"": ""\u22643.3 V"", ""signal"": ""HX711 DOUT"", ""awg"": 22, ""color"": ""amarillo"", ""connector"": ""H01:11"", ""fuse"": ""\u2014"", ""route"": ""R-S se\u00f1al; bucle libre bandeja"", ""protection"": ""Termorretr\u00e1ctil + alivio; se\u00f1al \u22643.3 V"", ""status"": ""REFERENCE"", ""kind"": ""SIGNAL"", ""length_mm"": ""TBC-MEDIR""}",TWIN
W044,CMP-06,GPIO11 / pin15,ELEC-HX711,HX711 SCK,HX711 SCK,"{""id"": ""W044"", ""harness_id"": ""HAR-S"", ""from_component"": ""CMP-06"", ""from_pin"": ""GPIO11 / pin15"", ""to_component"": ""ELEC-HX711"", ""to_pin"": ""HX711 SCK"", ""voltage"": ""\u22643.3 V"", ""signal"": ""HX711 SCK"", ""awg"": 22, ""color"": ""azul"", ""connector"": ""H01:12"", ""fuse"": ""\u2014"", ""route"": ""R-S se\u00f1al; bucle libre bandeja"", ""protection"": ""Termorretr\u00e1ctil + alivio; se\u00f1al \u22643.3 V"", ""status"": ""REFERENCE"", ""kind"": ""SIGNAL"", ""length_mm"": ""TBC-MEDIR""}",TWIN
W045,CMP-06,GPIO12 / pin16,SENS-24,TOP LID,TOP LID,"{""id"": ""W045"", ""harness_id"": ""HAR-S"", ""from_component"": ""CMP-06"", ""from_pin"": ""GPIO12 / pin16"", ""to_component"": ""SENS-24"", ""to_pin"": ""TOP LID"", ""voltage"": ""\u22643.3 V"", ""signal"": ""TOP LID"", ""awg"": 22, ""color"": ""amarillo"", ""connector"": ""H01:13"", ""fuse"": ""\u2014"", ""route"": ""R-S se\u00f1al fija"", ""protection"": ""Termorretr\u00e1ctil + alivio; se\u00f1al \u22643.3 V"", ""status"": ""BLOCKER"", ""kind"": ""SIGNAL"", ""length_mm"": ""TBC-MEDIR""}",TWIN
W046,CMP-06,GPIO13 / pin17,SENS-22,GATE CLOSED,GATE CLOSED,"{""id"": ""W046"", ""harness_id"": ""HAR-S"", ""from_component"": ""CMP-06"", ""from_pin"": ""GPIO13 / pin17"", ""to_component"": ""SENS-22"", ""to_pin"": ""GATE CLOSED"", ""voltage"": ""\u22643.3 V"", ""signal"": ""GATE CLOSED"", ""awg"": 22, ""color"": ""azul"", ""connector"": ""H01:14"", ""fuse"": ""\u2014"", ""route"": ""R-S se\u00f1al; bucle libre bandeja"", ""protection"": ""Termorretr\u00e1ctil + alivio; se\u00f1al \u22643.3 V"", ""status"": ""REFERENCE"", ""kind"": ""SIGNAL"", ""length_mm"": ""TBC-MEDIR""}",TWIN
W047,CMP-06,GPIO14 / pin19,SENS-23,GATE OPEN,GATE OPEN,"{""id"": ""W047"", ""harness_id"": ""HAR-S"", ""from_component"": ""CMP-06"", ""from_pin"": ""GPIO14 / pin19"", ""to_component"": ""SENS-23"", ""to_pin"": ""GATE OPEN"", ""voltage"": ""\u22643.3 V"", ""signal"": ""GATE OPEN"", ""awg"": 22, ""color"": ""amarillo"", ""connector"": ""H01:15"", ""fuse"": ""\u2014"", ""route"": ""R-S se\u00f1al; bucle libre bandeja"", ""protection"": ""Termorretr\u00e1ctil + alivio; se\u00f1al \u22643.3 V"", ""status"": ""REFERENCE"", ""kind"": ""SIGNAL"", ""length_mm"": ""TBC-MEDIR""}",TWIN
W048,CMP-06,GPIO15 / pin20,SENS-26,RESET,RESET,"{""id"": ""W048"", ""harness_id"": ""HAR-S"", ""from_component"": ""CMP-06"", ""from_pin"": ""GPIO15 / pin20"", ""to_component"": ""SENS-26"", ""to_pin"": ""RESET"", ""voltage"": ""\u22643.3 V"", ""signal"": ""RESET"", ""awg"": 22, ""color"": ""azul"", ""connector"": ""H01:16"", ""fuse"": ""\u2014"", ""route"": ""R-S se\u00f1al fija"", ""protection"": ""Termorretr\u00e1ctil + alivio; se\u00f1al \u22643.3 V"", ""status"": ""REFERENCE"", ""kind"": ""SIGNAL"", ""length_mm"": ""TBC-MEDIR""}",TWIN
W049,CMP-06,GPIO16 / pin21,SENS-ROT0,ROT0,ROT0,"{""id"": ""W049"", ""harness_id"": ""HAR-S"", ""from_component"": ""CMP-06"", ""from_pin"": ""GPIO16 / pin21"", ""to_component"": ""SENS-ROT0"", ""to_pin"": ""ROT0"", ""voltage"": ""\u22643.3 V"", ""signal"": ""ROT0"", ""awg"": 22, ""color"": ""amarillo"", ""connector"": ""H01:17"", ""fuse"": ""\u2014"", ""route"": ""R-S se\u00f1al fija"", ""protection"": ""Termorretr\u00e1ctil + alivio; se\u00f1al \u22643.3 V"", ""status"": ""REFERENCE"", ""kind"": ""SIGNAL"", ""length_mm"": ""TBC-MEDIR""}",TWIN
W050,CMP-06,GPIO17 / pin22,SENS-ROT1,ROT1,ROT1,"{""id"": ""W050"", ""harness_id"": ""HAR-S"", ""from_component"": ""CMP-06"", ""from_pin"": ""GPIO17 / pin22"", ""to_component"": ""SENS-ROT1"", ""to_pin"": ""ROT1"", ""voltage"": ""\u22643.3 V"", ""signal"": ""ROT1"", ""awg"": 22, ""color"": ""azul"", ""connector"": ""H01:18"", ""fuse"": ""\u2014"", ""route"": ""R-S se\u00f1al fija"", ""protection"": ""Termorretr\u00e1ctil + alivio; se\u00f1al \u22643.3 V"", ""status"": ""REFERENCE"", ""kind"": ""SIGNAL"", ""length_mm"": ""TBC-MEDIR""}",TWIN
W051,CMP-06,GPIO18 / pin24,SENS-ROT2,ROT2,ROT2,"{""id"": ""W051"", ""harness_id"": ""HAR-S"", ""from_component"": ""CMP-06"", ""from_pin"": ""GPIO18 / pin24"", ""to_component"": ""SENS-ROT2"", ""to_pin"": ""ROT2"", ""voltage"": ""\u22643.3 V"", ""signal"": ""ROT2"", ""awg"": 22, ""color"": ""amarillo"", ""connector"": ""H01:19"", ""fuse"": ""\u2014"", ""route"": ""R-S se\u00f1al fija"", ""protection"": ""Termorretr\u00e1ctil + alivio; se\u00f1al \u22643.3 V"", ""status"": ""REFERENCE"", ""kind"": ""SIGNAL"", ""length_mm"": ""TBC-MEDIR""}",TWIN
W052,CMP-06,GPIO19 / pin25,SENS-ROT3,ROT3,ROT3,"{""id"": ""W052"", ""harness_id"": ""HAR-S"", ""from_component"": ""CMP-06"", ""from_pin"": ""GPIO19 / pin25"", ""to_component"": ""SENS-ROT3"", ""to_pin"": ""ROT3"", ""voltage"": ""\u22643.3 V"", ""signal"": ""ROT3"", ""awg"": 22, ""color"": ""azul"", ""connector"": ""H01:20"", ""fuse"": ""\u2014"", ""route"": ""R-S se\u00f1al fija"", ""protection"": ""Termorretr\u00e1ctil + alivio; se\u00f1al \u22643.3 V"", ""status"": ""REFERENCE"", ""kind"": ""SIGNAL"", ""length_mm"": ""TBC-MEDIR""}",TWIN
W053,CMP-06,GPIO20 / pin26,SENS-27,FALL0,FALL0,"{""id"": ""W053"", ""harness_id"": ""HAR-S"", ""from_component"": ""CMP-06"", ""from_pin"": ""GPIO20 / pin26"", ""to_component"": ""SENS-27"", ""to_pin"": ""FALL0"", ""voltage"": ""\u22643.3 V"", ""signal"": ""FALL0"", ""awg"": 22, ""color"": ""amarillo"", ""connector"": ""H01:21"", ""fuse"": ""\u2014"", ""route"": ""R-S se\u00f1al fija"", ""protection"": ""Termorretr\u00e1ctil + alivio; se\u00f1al \u22643.3 V"", ""status"": ""REFERENCE"", ""kind"": ""SIGNAL"", ""length_mm"": ""TBC-MEDIR""}",TWIN
W054,CMP-06,GPIO21 / pin27,SENS-28,FALL1,FALL1,"{""id"": ""W054"", ""harness_id"": ""HAR-S"", ""from_component"": ""CMP-06"", ""from_pin"": ""GPIO21 / pin27"", ""to_component"": ""SENS-28"", ""to_pin"": ""FALL1"", ""voltage"": ""\u22643.3 V"", ""signal"": ""FALL1"", ""awg"": 22, ""color"": ""azul"", ""connector"": ""H01:22"", ""fuse"": ""\u2014"", ""route"": ""R-S se\u00f1al fija"", ""protection"": ""Termorretr\u00e1ctil + alivio; se\u00f1al \u22643.3 V"", ""status"": ""REFERENCE"", ""kind"": ""SIGNAL"", ""length_mm"": ""TBC-MEDIR""}",TWIN
W055,CMP-06,GPIO22 / pin29,SENS-29,FALL2,FALL2,"{""id"": ""W055"", ""harness_id"": ""HAR-S"", ""from_component"": ""CMP-06"", ""from_pin"": ""GPIO22 / pin29"", ""to_component"": ""SENS-29"", ""to_pin"": ""FALL2"", ""voltage"": ""\u22643.3 V"", ""signal"": ""FALL2"", ""awg"": 22, ""color"": ""amarillo"", ""connector"": ""H01:23"", ""fuse"": ""\u2014"", ""route"": ""R-S se\u00f1al fija"", ""protection"": ""Termorretr\u00e1ctil + alivio; se\u00f1al \u22643.3 V"", ""status"": ""REFERENCE"", ""kind"": ""SIGNAL"", ""length_mm"": ""TBC-MEDIR""}",TWIN
W056,CMP-06,GPIO26 / pin31,SENS-30,FALL3,FALL3,"{""id"": ""W056"", ""harness_id"": ""HAR-S"", ""from_component"": ""CMP-06"", ""from_pin"": ""GPIO26 / pin31"", ""to_component"": ""SENS-30"", ""to_pin"": ""FALL3"", ""voltage"": ""\u22643.3 V"", ""signal"": ""FALL3"", ""awg"": 22, ""color"": ""amarillo"", ""connector"": ""H01:27"", ""fuse"": ""\u2014"", ""route"": ""R-S se\u00f1al fija"", ""protection"": ""Termorretr\u00e1ctil + alivio; se\u00f1al \u22643.3 V"", ""status"": ""REFERENCE"", ""kind"": ""SIGNAL"", ""length_mm"": ""TBC-MEDIR""}",TWIN
W057,CMP-06,GPIO27 / pin32,SENS-25,SERVICE DOOR,SERVICE DOOR,"{""id"": ""W057"", ""harness_id"": ""HAR-S"", ""from_component"": ""CMP-06"", ""from_pin"": ""GPIO27 / pin32"", ""to_component"": ""SENS-25"", ""to_pin"": ""SERVICE DOOR"", ""voltage"": ""\u22643.3 V"", ""signal"": ""SERVICE DOOR"", ""awg"": 22, ""color"": ""azul"", ""connector"": ""H01:28"", ""fuse"": ""\u2014"", ""route"": ""R-S se\u00f1al fija"", ""protection"": ""Termorretr\u00e1ctil + alivio; se\u00f1al \u22643.3 V"", ""status"": ""BLOCKER"", ""kind"": ""SIGNAL"", ""length_mm"": ""TBC-MEDIR""}",TWIN
W058,CMP-06,GPIO28 / pin34,SAFE-34,ACTUATOR POWER,ACTUATOR POWER,"{""id"": ""W058"", ""harness_id"": ""HAR-S"", ""from_component"": ""CMP-06"", ""from_pin"": ""GPIO28 / pin34"", ""to_component"": ""SAFE-34"", ""to_pin"": ""ACTUATOR POWER"", ""voltage"": ""\u22643.3 V"", ""signal"": ""ACTUATOR POWER"", ""awg"": 22, ""color"": ""amarillo"", ""connector"": ""H01:29"", ""fuse"": ""\u2014"", ""route"": ""R-S se\u00f1al fija"", ""protection"": ""Termorretr\u00e1ctil + alivio; se\u00f1al \u22643.3 V"", ""status"": ""BLOCKER"", ""kind"": ""SIGNAL"", ""length_mm"": ""TBC-MEDIR""}",TWIN
W059,CMP-06,3V3 pin36,SENS-TOF0,VCC,SENSOR SUPPLY,"{""id"": ""W059"", ""harness_id"": ""HAR-S"", ""from_component"": ""CMP-06"", ""from_pin"": ""3V3 pin36"", ""to_component"": ""SENS-TOF0"", ""to_pin"": ""VCC"", ""voltage"": ""3.3 V validado m\u00f3dulo"", ""signal"": ""SENSOR SUPPLY"", ""awg"": 22, ""color"": ""rojo"", ""connector"": ""J10:1 / H02"", ""fuse"": ""\u2014"", ""route"": ""R-S se\u00f1al"", ""protection"": ""Termorretr\u00e1ctil + alivio; se\u00f1al \u22643.3 V"", ""status"": ""TBC-MEDIR"", ""kind"": ""SENSOR BUS"", ""length_mm"": ""TBC-MEDIR""}",TWIN
W060,SENS-TOF0,GND,CMP-06,GND,SENSOR RETURN,"{""id"": ""W060"", ""harness_id"": ""HAR-S"", ""from_component"": ""SENS-TOF0"", ""from_pin"": ""GND"", ""to_component"": ""CMP-06"", ""to_pin"": ""GND"", ""voltage"": ""0 V"", ""signal"": ""SENSOR RETURN"", ""awg"": 22, ""color"": ""negro"", ""connector"": ""H02"", ""fuse"": ""\u2014"", ""route"": ""R-S posterior se\u00f1al"", ""protection"": ""Termorretr\u00e1ctil + alivio; se\u00f1al \u22643.3 V"", ""status"": ""REFERENCE"", ""kind"": ""SENSOR BUS"", ""length_mm"": ""TBC-MEDIR""}",TWIN
W061,CMP-06,3V3 pin36,SENS-TOF1,VCC,SENSOR SUPPLY,"{""id"": ""W061"", ""harness_id"": ""HAR-S"", ""from_component"": ""CMP-06"", ""from_pin"": ""3V3 pin36"", ""to_component"": ""SENS-TOF1"", ""to_pin"": ""VCC"", ""voltage"": ""3.3 V validado m\u00f3dulo"", ""signal"": ""SENSOR SUPPLY"", ""awg"": 22, ""color"": ""rojo"", ""connector"": ""J10:1 / H02"", ""fuse"": ""\u2014"", ""route"": ""R-S se\u00f1al"", ""protection"": ""Termorretr\u00e1ctil + alivio; se\u00f1al \u22643.3 V"", ""status"": ""TBC-MEDIR"", ""kind"": ""SENSOR BUS"", ""length_mm"": ""TBC-MEDIR""}",TWIN
W062,SENS-TOF1,GND,CMP-06,GND,SENSOR RETURN,"{""id"": ""W062"", ""harness_id"": ""HAR-S"", ""from_component"": ""SENS-TOF1"", ""from_pin"": ""GND"", ""to_component"": ""CMP-06"", ""to_pin"": ""GND"", ""voltage"": ""0 V"", ""signal"": ""SENSOR RETURN"", ""awg"": 22, ""color"": ""negro"", ""connector"": ""H02"", ""fuse"": ""\u2014"", ""route"": ""R-S posterior se\u00f1al"", ""protection"": ""Termorretr\u00e1ctil + alivio; se\u00f1al \u22643.3 V"", ""status"": ""REFERENCE"", ""kind"": ""SENSOR BUS"", ""length_mm"": ""TBC-MEDIR""}",TWIN
W063,CMP-06,3V3 pin36,SENS-TOF2,VCC,SENSOR SUPPLY,"{""id"": ""W063"", ""harness_id"": ""HAR-S"", ""from_component"": ""CMP-06"", ""from_pin"": ""3V3 pin36"", ""to_component"": ""SENS-TOF2"", ""to_pin"": ""VCC"", ""voltage"": ""3.3 V validado m\u00f3dulo"", ""signal"": ""SENSOR SUPPLY"", ""awg"": 22, ""color"": ""rojo"", ""connector"": ""J10:1 / H02"", ""fuse"": ""\u2014"", ""route"": ""R-S se\u00f1al"", ""protection"": ""Termorretr\u00e1ctil + alivio; se\u00f1al \u22643.3 V"", ""status"": ""TBC-MEDIR"", ""kind"": ""SENSOR BUS"", ""length_mm"": ""TBC-MEDIR""}",TWIN
W064,SENS-TOF2,GND,CMP-06,GND,SENSOR RETURN,"{""id"": ""W064"", ""harness_id"": ""HAR-S"", ""from_component"": ""SENS-TOF2"", ""from_pin"": ""GND"", ""to_component"": ""CMP-06"", ""to_pin"": ""GND"", ""voltage"": ""0 V"", ""signal"": ""SENSOR RETURN"", ""awg"": 22, ""color"": ""negro"", ""connector"": ""H02"", ""fuse"": ""\u2014"", ""route"": ""R-S posterior se\u00f1al"", ""protection"": ""Termorretr\u00e1ctil + alivio; se\u00f1al \u22643.3 V"", ""status"": ""REFERENCE"", ""kind"": ""SENSOR BUS"", ""length_mm"": ""TBC-MEDIR""}",TWIN
W065,CMP-06,3V3 pin36,SENS-TOF3,VCC,SENSOR SUPPLY,"{""id"": ""W065"", ""harness_id"": ""HAR-S"", ""from_component"": ""CMP-06"", ""from_pin"": ""3V3 pin36"", ""to_component"": ""SENS-TOF3"", ""to_pin"": ""VCC"", ""voltage"": ""3.3 V validado m\u00f3dulo"", ""signal"": ""SENSOR SUPPLY"", ""awg"": 22, ""color"": ""rojo"", ""connector"": ""J10:1 / H02"", ""fuse"": ""\u2014"", ""route"": ""R-S se\u00f1al"", ""protection"": ""Termorretr\u00e1ctil + alivio; se\u00f1al \u22643.3 V"", ""status"": ""TBC-MEDIR"", ""kind"": ""SENSOR BUS"", ""length_mm"": ""TBC-MEDIR""}",TWIN
W066,SENS-TOF3,GND,CMP-06,GND,SENSOR RETURN,"{""id"": ""W066"", ""harness_id"": ""HAR-S"", ""from_component"": ""SENS-TOF3"", ""from_pin"": ""GND"", ""to_component"": ""CMP-06"", ""to_pin"": ""GND"", ""voltage"": ""0 V"", ""signal"": ""SENSOR RETURN"", ""awg"": 22, ""color"": ""negro"", ""connector"": ""H02"", ""fuse"": ""\u2014"", ""route"": ""R-S posterior se\u00f1al"", ""protection"": ""Termorretr\u00e1ctil + alivio; se\u00f1al \u22643.3 V"", ""status"": ""REFERENCE"", ""kind"": ""SENSOR BUS"", ""length_mm"": ""TBC-MEDIR""}",TWIN
W067,CMP-06,3V3 pin36,ELEC-HX711,VCC,SENSOR SUPPLY,"{""id"": ""W067"", ""harness_id"": ""HAR-S"", ""from_component"": ""CMP-06"", ""from_pin"": ""3V3 pin36"", ""to_component"": ""ELEC-HX711"", ""to_pin"": ""VCC"", ""voltage"": ""3.3 V validado m\u00f3dulo"", ""signal"": ""SENSOR SUPPLY"", ""awg"": 22, ""color"": ""rojo"", ""connector"": ""J10:1 / H02"", ""fuse"": ""\u2014"", ""route"": ""R-S se\u00f1al"", ""protection"": ""Termorretr\u00e1ctil + alivio; se\u00f1al \u22643.3 V"", ""status"": ""TBC-MEDIR"", ""kind"": ""SENSOR BUS"", ""length_mm"": ""TBC-MEDIR""}",TWIN
W068,ELEC-HX711,GND,CMP-06,GND,SENSOR RETURN,"{""id"": ""W068"", ""harness_id"": ""HAR-S"", ""from_component"": ""ELEC-HX711"", ""from_pin"": ""GND"", ""to_component"": ""CMP-06"", ""to_pin"": ""GND"", ""voltage"": ""0 V"", ""signal"": ""SENSOR RETURN"", ""awg"": 22, ""color"": ""negro"", ""connector"": ""H02"", ""fuse"": ""\u2014"", ""route"": ""R-S posterior se\u00f1al"", ""protection"": ""Termorretr\u00e1ctil + alivio; se\u00f1al \u22643.3 V"", ""status"": ""REFERENCE"", ""kind"": ""SENSOR BUS"", ""length_mm"": ""TBC-MEDIR""}",TWIN
W069,CMP-06,3V3 pin36,SENS-27,VCC,SENSOR SUPPLY,"{""id"": ""W069"", ""harness_id"": ""HAR-S"", ""from_component"": ""CMP-06"", ""from_pin"": ""3V3 pin36"", ""to_component"": ""SENS-27"", ""to_pin"": ""VCC"", ""voltage"": ""3.3 V validado m\u00f3dulo"", ""signal"": ""SENSOR SUPPLY"", ""awg"": 22, ""color"": ""rojo"", ""connector"": ""J10:1 / H02"", ""fuse"": ""\u2014"", ""route"": ""R-S se\u00f1al"", ""protection"": ""Termorretr\u00e1ctil + alivio; se\u00f1al \u22643.3 V"", ""status"": ""TBC-MEDIR"", ""kind"": ""SENSOR BUS"", ""length_mm"": ""TBC-MEDIR""}",TWIN
W070,SENS-27,GND,CMP-06,GND,SENSOR RETURN,"{""id"": ""W070"", ""harness_id"": ""HAR-S"", ""from_component"": ""SENS-27"", ""from_pin"": ""GND"", ""to_component"": ""CMP-06"", ""to_pin"": ""GND"", ""voltage"": ""0 V"", ""signal"": ""SENSOR RETURN"", ""awg"": 22, ""color"": ""negro"", ""connector"": ""H02"", ""fuse"": ""\u2014"", ""route"": ""R-S posterior se\u00f1al"", ""protection"": ""Termorretr\u00e1ctil + alivio; se\u00f1al \u22643.3 V"", ""status"": ""REFERENCE"", ""kind"": ""SENSOR BUS"", ""length_mm"": ""TBC-MEDIR""}",TWIN
W071,CMP-06,3V3 pin36,SENS-28,VCC,SENSOR SUPPLY,"{""id"": ""W071"", ""harness_id"": ""HAR-S"", ""from_component"": ""CMP-06"", ""from_pin"": ""3V3 pin36"", ""to_component"": ""SENS-28"", ""to_pin"": ""VCC"", ""voltage"": ""3.3 V validado m\u00f3dulo"", ""signal"": ""SENSOR SUPPLY"", ""awg"": 22, ""color"": ""rojo"", ""connector"": ""J10:1 / H02"", ""fuse"": ""\u2014"", ""route"": ""R-S se\u00f1al"", ""protection"": ""Termorretr\u00e1ctil + alivio; se\u00f1al \u22643.3 V"", ""status"": ""TBC-MEDIR"", ""kind"": ""SENSOR BUS"", ""length_mm"": ""TBC-MEDIR""}",TWIN
W072,SENS-28,GND,CMP-06,GND,SENSOR RETURN,"{""id"": ""W072"", ""harness_id"": ""HAR-S"", ""from_component"": ""SENS-28"", ""from_pin"": ""GND"", ""to_component"": ""CMP-06"", ""to_pin"": ""GND"", ""voltage"": ""0 V"", ""signal"": ""SENSOR RETURN"", ""awg"": 22, ""color"": ""negro"", ""connector"": ""H02"", ""fuse"": ""\u2014"", ""route"": ""R-S posterior se\u00f1al"", ""protection"": ""Termorretr\u00e1ctil + alivio; se\u00f1al \u22643.3 V"", ""status"": ""REFERENCE"", ""kind"": ""SENSOR BUS"", ""length_mm"": ""TBC-MEDIR""}",TWIN
W073,CMP-06,3V3 pin36,SENS-29,VCC,SENSOR SUPPLY,"{""id"": ""W073"", ""harness_id"": ""HAR-S"", ""from_component"": ""CMP-06"", ""from_pin"": ""3V3 pin36"", ""to_component"": ""SENS-29"", ""to_pin"": ""VCC"", ""voltage"": ""3.3 V validado m\u00f3dulo"", ""signal"": ""SENSOR SUPPLY"", ""awg"": 22, ""color"": ""rojo"", ""connector"": ""J10:1 / H02"", ""fuse"": ""\u2014"", ""route"": ""R-S se\u00f1al"", ""protection"": ""Termorretr\u00e1ctil + alivio; se\u00f1al \u22643.3 V"", ""status"": ""TBC-MEDIR"", ""kind"": ""SENSOR BUS"", ""length_mm"": ""TBC-MEDIR""}",TWIN
W074,SENS-29,GND,CMP-06,GND,SENSOR RETURN,"{""id"": ""W074"", ""harness_id"": ""HAR-S"", ""from_component"": ""SENS-29"", ""from_pin"": ""GND"", ""to_component"": ""CMP-06"", ""to_pin"": ""GND"", ""voltage"": ""0 V"", ""signal"": ""SENSOR RETURN"", ""awg"": 22, ""color"": ""negro"", ""connector"": ""H02"", ""fuse"": ""\u2014"", ""route"": ""R-S posterior se\u00f1al"", ""protection"": ""Termorretr\u00e1ctil + alivio; se\u00f1al \u22643.3 V"", ""status"": ""REFERENCE"", ""kind"": ""SENSOR BUS"", ""length_mm"": ""TBC-MEDIR""}",TWIN
W075,CMP-06,3V3 pin36,SENS-30,VCC,SENSOR SUPPLY,"{""id"": ""W075"", ""harness_id"": ""HAR-S"", ""from_component"": ""CMP-06"", ""from_pin"": ""3V3 pin36"", ""to_component"": ""SENS-30"", ""to_pin"": ""VCC"", ""voltage"": ""3.3 V validado m\u00f3dulo"", ""signal"": ""SENSOR SUPPLY"", ""awg"": 22, ""color"": ""rojo"", ""connector"": ""J10:1 / H02"", ""fuse"": ""\u2014"", ""route"": ""R-S se\u00f1al"", ""protection"": ""Termorretr\u00e1ctil + alivio; se\u00f1al \u22643.3 V"", ""status"": ""TBC-MEDIR"", ""kind"": ""SENSOR BUS"", ""length_mm"": ""TBC-MEDIR""}",TWIN
W076,SENS-30,GND,CMP-06,GND,SENSOR RETURN,"{""id"": ""W076"", ""harness_id"": ""HAR-S"", ""from_component"": ""SENS-30"", ""from_pin"": ""GND"", ""to_component"": ""CMP-06"", ""to_pin"": ""GND"", ""voltage"": ""0 V"", ""signal"": ""SENSOR RETURN"", ""awg"": 22, ""color"": ""negro"", ""connector"": ""H02"", ""fuse"": ""\u2014"", ""route"": ""R-S posterior se\u00f1al"", ""protection"": ""Termorretr\u00e1ctil + alivio; se\u00f1al \u22643.3 V"", ""status"": ""REFERENCE"", ""kind"": ""SENSOR BUS"", ""length_mm"": ""TBC-MEDIR""}",TWIN
W077,SENS-24,COM seco,CMP-06,GND,CONTACT RETURN,"{""id"": ""W077"", ""harness_id"": ""HAR-S"", ""from_component"": ""SENS-24"", ""from_pin"": ""COM seco"", ""to_component"": ""CMP-06"", ""to_pin"": ""GND"", ""voltage"": ""0 V"", ""signal"": ""CONTACT RETURN"", ""awg"": 22, ""color"": ""negro"", ""connector"": ""H02"", ""fuse"": ""\u2014"", ""route"": ""R-S posterior se\u00f1al"", ""protection"": ""Termorretr\u00e1ctil + alivio; se\u00f1al \u22643.3 V"", ""status"": ""BLOCKER"", ""kind"": ""SIGNAL"", ""length_mm"": ""TBC-MEDIR""}",TWIN
W078,SENS-22,COM seco,CMP-06,GND,CONTACT RETURN,"{""id"": ""W078"", ""harness_id"": ""HAR-S"", ""from_component"": ""SENS-22"", ""from_pin"": ""COM seco"", ""to_component"": ""CMP-06"", ""to_pin"": ""GND"", ""voltage"": ""0 V"", ""signal"": ""CONTACT RETURN"", ""awg"": 22, ""color"": ""negro"", ""connector"": ""H02"", ""fuse"": ""\u2014"", ""route"": ""R-S posterior se\u00f1al"", ""protection"": ""Termorretr\u00e1ctil + alivio; se\u00f1al \u22643.3 V"", ""status"": ""REFERENCE"", ""kind"": ""SIGNAL"", ""length_mm"": ""TBC-MEDIR""}",TWIN
W079,SENS-23,COM seco,CMP-06,GND,CONTACT RETURN,"{""id"": ""W079"", ""harness_id"": ""HAR-S"", ""from_component"": ""SENS-23"", ""from_pin"": ""COM seco"", ""to_component"": ""CMP-06"", ""to_pin"": ""GND"", ""voltage"": ""0 V"", ""signal"": ""CONTACT RETURN"", ""awg"": 22, ""color"": ""negro"", ""connector"": ""H02"", ""fuse"": ""\u2014"", ""route"": ""R-S posterior se\u00f1al"", ""protection"": ""Termorretr\u00e1ctil + alivio; se\u00f1al \u22643.3 V"", ""status"": ""REFERENCE"", ""kind"": ""SIGNAL"", ""length_mm"": ""TBC-MEDIR""}",TWIN
W080,SENS-26,COM seco,CMP-06,GND,CONTACT RETURN,"{""id"": ""W080"", ""harness_id"": ""HAR-S"", ""from_component"": ""SENS-26"", ""from_pin"": ""COM seco"", ""to_component"": ""CMP-06"", ""to_pin"": ""GND"", ""voltage"": ""0 V"", ""signal"": ""CONTACT RETURN"", ""awg"": 22, ""color"": ""negro"", ""connector"": ""H02"", ""fuse"": ""\u2014"", ""route"": ""R-S posterior se\u00f1al"", ""protection"": ""Termorretr\u00e1ctil + alivio; se\u00f1al \u22643.3 V"", ""status"": ""REFERENCE"", ""kind"": ""SIGNAL"", ""length_mm"": ""TBC-MEDIR""}",TWIN
W081,SENS-ROT0,COM seco,CMP-06,GND,CONTACT RETURN,"{""id"": ""W081"", ""harness_id"": ""HAR-S"", ""from_component"": ""SENS-ROT0"", ""from_pin"": ""COM seco"", ""to_component"": ""CMP-06"", ""to_pin"": ""GND"", ""voltage"": ""0 V"", ""signal"": ""CONTACT RETURN"", ""awg"": 22, ""color"": ""negro"", ""connector"": ""H02"", ""fuse"": ""\u2014"", ""route"": ""R-S posterior se\u00f1al"", ""protection"": ""Termorretr\u00e1ctil + alivio; se\u00f1al \u22643.3 V"", ""status"": ""REFERENCE"", ""kind"": ""SIGNAL"", ""length_mm"": ""TBC-MEDIR""}",TWIN
W082,SENS-ROT1,COM seco,CMP-06,GND,CONTACT RETURN,"{""id"": ""W082"", ""harness_id"": ""HAR-S"", ""from_component"": ""SENS-ROT1"", ""from_pin"": ""COM seco"", ""to_component"": ""CMP-06"", ""to_pin"": ""GND"", ""voltage"": ""0 V"", ""signal"": ""CONTACT RETURN"", ""awg"": 22, ""color"": ""negro"", ""connector"": ""H02"", ""fuse"": ""\u2014"", ""route"": ""R-S posterior se\u00f1al"", ""protection"": ""Termorretr\u00e1ctil + alivio; se\u00f1al \u22643.3 V"", ""status"": ""REFERENCE"", ""kind"": ""SIGNAL"", ""length_mm"": ""TBC-MEDIR""}",TWIN
W083,SENS-ROT2,COM seco,CMP-06,GND,CONTACT RETURN,"{""id"": ""W083"", ""harness_id"": ""HAR-S"", ""from_component"": ""SENS-ROT2"", ""from_pin"": ""COM seco"", ""to_component"": ""CMP-06"", ""to_pin"": ""GND"", ""voltage"": ""0 V"", ""signal"": ""CONTACT RETURN"", ""awg"": 22, ""color"": ""negro"", ""connector"": ""H02"", ""fuse"": ""\u2014"", ""route"": ""R-S posterior se\u00f1al"", ""protection"": ""Termorretr\u00e1ctil + alivio; se\u00f1al \u22643.3 V"", ""status"": ""REFERENCE"", ""kind"": ""SIGNAL"", ""length_mm"": ""TBC-MEDIR""}",TWIN
W084,SENS-ROT3,COM seco,CMP-06,GND,CONTACT RETURN,"{""id"": ""W084"", ""harness_id"": ""HAR-S"", ""from_component"": ""SENS-ROT3"", ""from_pin"": ""COM seco"", ""to_component"": ""CMP-06"", ""to_pin"": ""GND"", ""voltage"": ""0 V"", ""signal"": ""CONTACT RETURN"", ""awg"": 22, ""color"": ""negro"", ""connector"": ""H02"", ""fuse"": ""\u2014"", ""route"": ""R-S posterior se\u00f1al"", ""protection"": ""Termorretr\u00e1ctil + alivio; se\u00f1al \u22643.3 V"", ""status"": ""REFERENCE"", ""kind"": ""SIGNAL"", ""length_mm"": ""TBC-MEDIR""}",TWIN
W085,SENS-25,COM seco,CMP-06,GND,CONTACT RETURN,"{""id"": ""W085"", ""harness_id"": ""HAR-S"", ""from_component"": ""SENS-25"", ""from_pin"": ""COM seco"", ""to_component"": ""CMP-06"", ""to_pin"": ""GND"", ""voltage"": ""0 V"", ""signal"": ""CONTACT RETURN"", ""awg"": 22, ""color"": ""negro"", ""connector"": ""H02"", ""fuse"": ""\u2014"", ""route"": ""R-S posterior se\u00f1al"", ""protection"": ""Termorretr\u00e1ctil + alivio; se\u00f1al \u22643.3 V"", ""status"": ""BLOCKER"", ""kind"": ""SIGNAL"", ""length_mm"": ""TBC-MEDIR""}",TWIN
W086,ELEC-HX711,E+,SENS-19,E+,LOAD BRIDGE,"{""id"": ""W086"", ""harness_id"": ""HAR-S"", ""from_component"": ""ELEC-HX711"", ""from_pin"": ""E+"", ""to_component"": ""SENS-19"", ""to_pin"": ""E+"", ""voltage"": ""puente"", ""signal"": ""LOAD BRIDGE"", ""awg"": 22, ""color"": ""rojo"", ""connector"": ""J12:1"", ""fuse"": ""\u2014"", ""route"": ""R-HX corto junto celda; bucle flexible"", ""protection"": ""Termorretr\u00e1ctil + alivio; se\u00f1al \u22643.3 V"", ""status"": ""REFERENCE"", ""kind"": ""SIGNAL"", ""length_mm"": ""TBC-MEDIR""}",TWIN
W087,ELEC-HX711,E−,SENS-19,E−,LOAD BRIDGE,"{""id"": ""W087"", ""harness_id"": ""HAR-S"", ""from_component"": ""ELEC-HX711"", ""from_pin"": ""E\u2212"", ""to_component"": ""SENS-19"", ""to_pin"": ""E\u2212"", ""voltage"": ""puente"", ""signal"": ""LOAD BRIDGE"", ""awg"": 22, ""color"": ""negro"", ""connector"": ""J12:2"", ""fuse"": ""\u2014"", ""route"": ""R-HX corto junto celda; bucle flexible"", ""protection"": ""Termorretr\u00e1ctil + alivio; se\u00f1al \u22643.3 V"", ""status"": ""REFERENCE"", ""kind"": ""SIGNAL"", ""length_mm"": ""TBC-MEDIR""}",TWIN
W088,ELEC-HX711,A+,SENS-19,A+,LOAD BRIDGE,"{""id"": ""W088"", ""harness_id"": ""HAR-S"", ""from_component"": ""ELEC-HX711"", ""from_pin"": ""A+"", ""to_component"": ""SENS-19"", ""to_pin"": ""A+"", ""voltage"": ""puente"", ""signal"": ""LOAD BRIDGE"", ""awg"": 22, ""color"": ""amarillo"", ""connector"": ""J12:3"", ""fuse"": ""\u2014"", ""route"": ""R-HX corto junto celda; bucle flexible"", ""protection"": ""Termorretr\u00e1ctil + alivio; se\u00f1al \u22643.3 V"", ""status"": ""REFERENCE"", ""kind"": ""SIGNAL"", ""length_mm"": ""TBC-MEDIR""}",TWIN
W089,ELEC-HX711,A−,SENS-19,A−,LOAD BRIDGE,"{""id"": ""W089"", ""harness_id"": ""HAR-S"", ""from_component"": ""ELEC-HX711"", ""from_pin"": ""A\u2212"", ""to_component"": ""SENS-19"", ""to_pin"": ""A\u2212"", ""voltage"": ""puente"", ""signal"": ""LOAD BRIDGE"", ""awg"": 22, ""color"": ""azul"", ""connector"": ""J12:4"", ""fuse"": ""\u2014"", ""route"": ""R-HX corto junto celda; bucle flexible"", ""protection"": ""Termorretr\u00e1ctil + alivio; se\u00f1al \u22643.3 V"", ""status"": ""REFERENCE"", ""kind"": ""SIGNAL"", ""length_mm"": ""TBC-MEDIR""}",TWIN
W090,SAFE-35,OUT,SAFE-33,NC,SAFETY CHAIN,"{""id"": ""W090"", ""harness_id"": ""HAR-P"", ""from_component"": ""SAFE-35"", ""from_pin"": ""OUT"", ""to_component"": ""SAFE-33"", ""to_pin"": ""NC"", ""voltage"": ""12 V control TBC"", ""signal"": ""SAFETY CHAIN"", ""awg"": 22, ""color"": ""rojo"", ""connector"": ""J14 / Faston"", ""fuse"": ""SAFE-38-ACTIVE"", ""route"": ""R-P control f\u00edsico"", ""protection"": ""Termorretr\u00e1ctil + alivio; se\u00f1al \u22643.3 V"", ""status"": ""BLOCKER"", ""kind"": ""POWER"", ""length_mm"": ""TBC-MEDIR""}",TWIN
W091,SAFE-33,NC OUT,SENS-24,polo corte,SAFETY CHAIN,"{""id"": ""W091"", ""harness_id"": ""HAR-P"", ""from_component"": ""SAFE-33"", ""from_pin"": ""NC OUT"", ""to_component"": ""SENS-24"", ""to_pin"": ""polo corte"", ""voltage"": ""12 V control TBC"", ""signal"": ""SAFETY CHAIN"", ""awg"": 22, ""color"": ""rojo"", ""connector"": ""J14 / Faston"", ""fuse"": ""SAFE-38-ACTIVE"", ""route"": ""R-P control f\u00edsico"", ""protection"": ""Termorretr\u00e1ctil + alivio; se\u00f1al \u22643.3 V"", ""status"": ""BLOCKER"", ""kind"": ""POWER"", ""length_mm"": ""TBC-MEDIR""}",TWIN
W092,SENS-24,polo corte OUT,SENS-25,polo corte,SAFETY CHAIN,"{""id"": ""W092"", ""harness_id"": ""HAR-P"", ""from_component"": ""SENS-24"", ""from_pin"": ""polo corte OUT"", ""to_component"": ""SENS-25"", ""to_pin"": ""polo corte"", ""voltage"": ""12 V control TBC"", ""signal"": ""SAFETY CHAIN"", ""awg"": 22, ""color"": ""rojo"", ""connector"": ""J14 / Faston"", ""fuse"": ""SAFE-38-ACTIVE"", ""route"": ""R-P control f\u00edsico"", ""protection"": ""Termorretr\u00e1ctil + alivio; se\u00f1al \u22643.3 V"", ""status"": ""BLOCKER"", ""kind"": ""POWER"", ""length_mm"": ""TBC-MEDIR""}",TWIN
W093,SENS-25,polo corte OUT,SAFE-34,autorización bobina,SAFETY CHAIN,"{""id"": ""W093"", ""harness_id"": ""HAR-P"", ""from_component"": ""SENS-25"", ""from_pin"": ""polo corte OUT"", ""to_component"": ""SAFE-34"", ""to_pin"": ""autorizaci\u00f3n bobina"", ""voltage"": ""12 V control TBC"", ""signal"": ""SAFETY CHAIN"", ""awg"": 22, ""color"": ""rojo"", ""connector"": ""J14 / Faston"", ""fuse"": ""SAFE-38-ACTIVE"", ""route"": ""R-P control f\u00edsico"", ""protection"": ""Termorretr\u00e1ctil + alivio; se\u00f1al \u22643.3 V"", ""status"": ""BLOCKER"", ""kind"": ""POWER"", ""length_mm"": ""TBC-MEDIR""}",TWIN
W094,SENS-26,contacto rearme,SAFE-34,retención,SAFETY CHAIN,"{""id"": ""W094"", ""harness_id"": ""HAR-P"", ""from_component"": ""SENS-26"", ""from_pin"": ""contacto rearme"", ""to_component"": ""SAFE-34"", ""to_pin"": ""retenci\u00f3n"", ""voltage"": ""12 V control TBC"", ""signal"": ""SAFETY CHAIN"", ""awg"": 22, ""color"": ""rojo"", ""connector"": ""J14 / Faston"", ""fuse"": ""SAFE-38-ACTIVE"", ""route"": ""R-P control f\u00edsico"", ""protection"": ""Termorretr\u00e1ctil + alivio; se\u00f1al \u22643.3 V"", ""status"": ""BLOCKER"", ""kind"": ""POWER"", ""length_mm"": ""TBC-MEDIR""}",TWIN
W095,SAFE-35,OUT,ELEC-42,+,AUXILIARY,"{""id"": ""W095"", ""harness_id"": ""HAR-P"", ""from_component"": ""SAFE-35"", ""from_pin"": ""OUT"", ""to_component"": ""ELEC-42"", ""to_pin"": ""+"", ""voltage"": ""12 V"", ""signal"": ""AUXILIARY"", ""awg"": 22, ""color"": ""rojo"", ""connector"": ""Faston"", ""fuse"": ""SAFE-38-ACTIVE"", ""route"": ""R-A iluminaci\u00f3n/indicadores"", ""protection"": ""Termorretr\u00e1ctil + alivio; se\u00f1al \u22643.3 V"", ""status"": ""BLOCKER"", ""kind"": ""POWER"", ""length_mm"": ""TBC-MEDIR""}",TWIN
W096,ELEC-42,−,ELEC-31,retorno controlado AUSENTE,MISSING DRIVER,"{""id"": ""W096"", ""harness_id"": ""HAR-P"", ""from_component"": ""ELEC-42"", ""from_pin"": ""\u2212"", ""to_component"": ""ELEC-31"", ""to_pin"": ""retorno controlado AUSENTE"", ""voltage"": ""0 V"", ""signal"": ""MISSING DRIVER"", ""awg"": 22, ""color"": ""negro"", ""connector"": ""J09"", ""fuse"": ""\u2014"", ""route"": ""R-A"", ""protection"": ""Termorretr\u00e1ctil + alivio; se\u00f1al \u22643.3 V"", ""status"": ""BLOCKER"", ""kind"": ""POWER"", ""length_mm"": ""TBC-MEDIR""}",TWIN
W097,SAFE-35,OUT,ELEC-43,+,AUXILIARY,"{""id"": ""W097"", ""harness_id"": ""HAR-P"", ""from_component"": ""SAFE-35"", ""from_pin"": ""OUT"", ""to_component"": ""ELEC-43"", ""to_pin"": ""+"", ""voltage"": ""12 V"", ""signal"": ""AUXILIARY"", ""awg"": 22, ""color"": ""rojo"", ""connector"": ""Faston"", ""fuse"": ""SAFE-38-ACTIVE"", ""route"": ""R-A iluminaci\u00f3n/indicadores"", ""protection"": ""Termorretr\u00e1ctil + alivio; se\u00f1al \u22643.3 V"", ""status"": ""BLOCKER"", ""kind"": ""POWER"", ""length_mm"": ""TBC-MEDIR""}",TWIN
W098,ELEC-43,−,ELEC-31,retorno controlado AUSENTE,MISSING DRIVER,"{""id"": ""W098"", ""harness_id"": ""HAR-P"", ""from_component"": ""ELEC-43"", ""from_pin"": ""\u2212"", ""to_component"": ""ELEC-31"", ""to_pin"": ""retorno controlado AUSENTE"", ""voltage"": ""0 V"", ""signal"": ""MISSING DRIVER"", ""awg"": 22, ""color"": ""negro"", ""connector"": ""J09"", ""fuse"": ""\u2014"", ""route"": ""R-A"", ""protection"": ""Termorretr\u00e1ctil + alivio; se\u00f1al \u22643.3 V"", ""status"": ""BLOCKER"", ""kind"": ""POWER"", ""length_mm"": ""TBC-MEDIR""}",TWIN
W099,SAFE-35,OUT,ELEC-44,+,AUXILIARY,"{""id"": ""W099"", ""harness_id"": ""HAR-P"", ""from_component"": ""SAFE-35"", ""from_pin"": ""OUT"", ""to_component"": ""ELEC-44"", ""to_pin"": ""+"", ""voltage"": ""12 V"", ""signal"": ""AUXILIARY"", ""awg"": 22, ""color"": ""rojo"", ""connector"": ""Faston"", ""fuse"": ""SAFE-38-ACTIVE"", ""route"": ""R-A iluminaci\u00f3n/indicadores"", ""protection"": ""Termorretr\u00e1ctil + alivio; se\u00f1al \u22643.3 V"", ""status"": ""BLOCKER"", ""kind"": ""POWER"", ""length_mm"": ""TBC-MEDIR""}",TWIN
W100,ELEC-44,−,ELEC-31,retorno controlado AUSENTE,MISSING DRIVER,"{""id"": ""W100"", ""harness_id"": ""HAR-P"", ""from_component"": ""ELEC-44"", ""from_pin"": ""\u2212"", ""to_component"": ""ELEC-31"", ""to_pin"": ""retorno controlado AUSENTE"", ""voltage"": ""0 V"", ""signal"": ""MISSING DRIVER"", ""awg"": 22, ""color"": ""negro"", ""connector"": ""J09"", ""fuse"": ""\u2014"", ""route"": ""R-A"", ""protection"": ""Termorretr\u00e1ctil + alivio; se\u00f1al \u22643.3 V"", ""status"": ""BLOCKER"", ""kind"": ""POWER"", ""length_mm"": ""TBC-MEDIR""}",TWIN
W101,SAFE-35,OUT,ELEC-45,+,AUXILIARY,"{""id"": ""W101"", ""harness_id"": ""HAR-P"", ""from_component"": ""SAFE-35"", ""from_pin"": ""OUT"", ""to_component"": ""ELEC-45"", ""to_pin"": ""+"", ""voltage"": ""12 V auxiliar TBC"", ""signal"": ""AUXILIARY"", ""awg"": 22, ""color"": ""rojo"", ""connector"": ""J06"", ""fuse"": ""SAFE-38-ACTIVE"", ""route"": ""R-A iluminaci\u00f3n/indicadores"", ""protection"": ""Termorretr\u00e1ctil + alivio; se\u00f1al \u22643.3 V"", ""status"": ""BLOCKER"", ""kind"": ""POWER"", ""length_mm"": ""TBC-MEDIR""}",TWIN
W102,ELEC-45,−,ELEC-31,retorno controlado AUSENTE,LED DRIVER TBC,"{""id"": ""W102"", ""harness_id"": ""HAR-P"", ""from_component"": ""ELEC-45"", ""from_pin"": ""\u2212"", ""to_component"": ""ELEC-31"", ""to_pin"": ""retorno controlado AUSENTE"", ""voltage"": ""0 V"", ""signal"": ""LED DRIVER TBC"", ""awg"": 22, ""color"": ""negro"", ""connector"": ""J06"", ""fuse"": ""\u2014"", ""route"": ""R-A"", ""protection"": ""Termorretr\u00e1ctil + alivio; se\u00f1al \u22643.3 V"", ""status"": ""BLOCKER"", ""kind"": ""POWER"", ""length_mm"": ""TBC-MEDIR""}",TWIN
W103,ELEC-41-0,A/K,SAFE-34,bobina/retención TBC,DIODE,"{""id"": ""W103"", ""harness_id"": ""HAR-P"", ""from_component"": ""ELEC-41-0"", ""from_pin"": ""A/K"", ""to_component"": ""SAFE-34"", ""to_pin"": ""bobina/retenci\u00f3n TBC"", ""voltage"": ""12 V control"", ""signal"": ""DIODE"", ""awg"": 22, ""color"": ""azul"", ""connector"": ""soldado aislado"", ""fuse"": ""\u2014"", ""route"": ""R-P control"", ""protection"": ""Termorretr\u00e1ctil + alivio; se\u00f1al \u22643.3 V"", ""status"": ""BLOCKER"", ""kind"": ""POWER"", ""length_mm"": ""TBC-MEDIR""}",TWIN
W104,ELEC-41-1,A/K,SAFE-34,bobina/retención TBC,DIODE,"{""id"": ""W104"", ""harness_id"": ""HAR-P"", ""from_component"": ""ELEC-41-1"", ""from_pin"": ""A/K"", ""to_component"": ""SAFE-34"", ""to_pin"": ""bobina/retenci\u00f3n TBC"", ""voltage"": ""12 V control"", ""signal"": ""DIODE"", ""awg"": 22, ""color"": ""azul"", ""connector"": ""soldado aislado"", ""fuse"": ""\u2014"", ""route"": ""R-P control"", ""protection"": ""Termorretr\u00e1ctil + alivio; se\u00f1al \u22643.3 V"", ""status"": ""BLOCKER"", ""kind"": ""POWER"", ""length_mm"": ""TBC-MEDIR""}",TWIN
W105,3V3_LOGIC,3V3,MVP-83,A,nEN_PULLUP,"{""id"": ""W105"", ""from_component"": ""3V3_LOGIC"", ""from_pin"": ""3V3"", ""to_component"": ""MVP-83"", ""to_pin"": ""A"", ""signal"": ""nEN_PULLUP"", ""voltage"": ""3V3"", ""awg"": null, ""connector"": ""TBC_MODEL"", ""fuse"": ""TBC_MODEL"", ""route"": ""ARQUITECTURA PROPUESTA: sustituye referencias antiguas al aprobar ECN; pins reales TBC_MODEL""}",PHYSICAL_ADDITION
W106,MVP-83,B,CMP-06,GPIO2,nEN,"{""id"": ""W106"", ""from_component"": ""MVP-83"", ""from_pin"": ""B"", ""to_component"": ""CMP-06"", ""to_pin"": ""GPIO2"", ""signal"": ""nEN"", ""voltage"": ""3V3"", ""awg"": null, ""connector"": ""TBC_MODEL"", ""fuse"": ""TBC_MODEL"", ""route"": ""ARQUITECTURA PROPUESTA: sustituye referencias antiguas al aprobar ECN; pins reales TBC_MODEL""}",PHYSICAL_ADDITION
W107,ACTUATOR_BUS,+12V_CUT,MVP-84,INPUT_PLUS_TBC,POWER_FEEDBACK_IN,"{""id"": ""W107"", ""from_component"": ""ACTUATOR_BUS"", ""from_pin"": ""+12V_CUT"", ""to_component"": ""MVP-84"", ""to_pin"": ""INPUT_PLUS_TBC"", ""signal"": ""POWER_FEEDBACK_IN"", ""voltage"": ""12V_CUT"", ""awg"": null, ""connector"": ""TBC_MODEL"", ""fuse"": ""TBC_MODEL"", ""route"": ""ARQUITECTURA PROPUESTA: sustituye referencias antiguas al aprobar ECN; pins reales TBC_MODEL""}",PHYSICAL_ADDITION
W108,ACTUATOR_BUS,GND_ACT,MVP-84,INPUT_MINUS_TBC,POWER_FEEDBACK_RETURN,"{""id"": ""W108"", ""from_component"": ""ACTUATOR_BUS"", ""from_pin"": ""GND_ACT"", ""to_component"": ""MVP-84"", ""to_pin"": ""INPUT_MINUS_TBC"", ""signal"": ""POWER_FEEDBACK_RETURN"", ""voltage"": ""0V_ACT"", ""awg"": null, ""connector"": ""TBC_MODEL"", ""fuse"": ""TBC_MODEL"", ""route"": ""ARQUITECTURA PROPUESTA: sustituye referencias antiguas al aprobar ECN; pins reales TBC_MODEL""}",PHYSICAL_ADDITION
W109,MVP-84,OUTPUT_3V3_TBC,CMP-06,GPIO28,ACTUATOR_POWER_FEEDBACK,"{""id"": ""W109"", ""from_component"": ""MVP-84"", ""from_pin"": ""OUTPUT_3V3_TBC"", ""to_component"": ""CMP-06"", ""to_pin"": ""GPIO28"", ""signal"": ""ACTUATOR_POWER_FEEDBACK"", ""voltage"": ""3V3_MAX"", ""awg"": null, ""connector"": ""TBC_MODEL"", ""fuse"": ""TBC_MODEL"", ""route"": ""ARQUITECTURA PROPUESTA: sustituye referencias antiguas al aprobar ECN; pins reales TBC_MODEL""}",PHYSICAL_ADDITION
W110,MVP-84,OUTPUT_RETURN_TBC,CMP-06,GND,SIGNAL_REFERENCE,"{""id"": ""W110"", ""from_component"": ""MVP-84"", ""from_pin"": ""OUTPUT_RETURN_TBC"", ""to_component"": ""CMP-06"", ""to_pin"": ""GND"", ""signal"": ""SIGNAL_REFERENCE"", ""voltage"": ""0V_LOGIC"", ""awg"": null, ""connector"": ""TBC_MODEL"", ""fuse"": ""TBC_MODEL"", ""route"": ""ARQUITECTURA PROPUESTA: sustituye referencias antiguas al aprobar ECN; pins reales TBC_MODEL""}",PHYSICAL_ADDITION
W111,SAFE-35,OUT_F_MAIN,SAFE-33,NC_IN_TBC,SAFETY_CHAIN,"{""id"": ""W111"", ""from_component"": ""SAFE-35"", ""from_pin"": ""OUT_F_MAIN"", ""to_component"": ""SAFE-33"", ""to_pin"": ""NC_IN_TBC"", ""signal"": ""SAFETY_CHAIN"", ""voltage"": ""12V_CONTROL"", ""awg"": null, ""connector"": ""TBC_MODEL"", ""fuse"": ""TBC_MODEL"", ""route"": ""ARQUITECTURA PROPUESTA: sustituye referencias antiguas al aprobar ECN; pins reales TBC_MODEL""}",PHYSICAL_ADDITION
W112,SAFE-33,NC_OUT_TBC,SENS-24,SAFETY_NC_IN_TBC,SAFETY_CHAIN,"{""id"": ""W112"", ""from_component"": ""SAFE-33"", ""from_pin"": ""NC_OUT_TBC"", ""to_component"": ""SENS-24"", ""to_pin"": ""SAFETY_NC_IN_TBC"", ""signal"": ""SAFETY_CHAIN"", ""voltage"": ""12V_CONTROL"", ""awg"": null, ""connector"": ""TBC_MODEL"", ""fuse"": ""TBC_MODEL"", ""route"": ""ARQUITECTURA PROPUESTA: sustituye referencias antiguas al aprobar ECN; pins reales TBC_MODEL""}",PHYSICAL_ADDITION
W113,SENS-24,SAFETY_NC_OUT_TBC,SENS-25,SAFETY_NC_IN_TBC,SAFETY_CHAIN,"{""id"": ""W113"", ""from_component"": ""SENS-24"", ""from_pin"": ""SAFETY_NC_OUT_TBC"", ""to_component"": ""SENS-25"", ""to_pin"": ""SAFETY_NC_IN_TBC"", ""signal"": ""SAFETY_CHAIN"", ""voltage"": ""12V_CONTROL"", ""awg"": null, ""connector"": ""TBC_MODEL"", ""fuse"": ""TBC_MODEL"", ""route"": ""ARQUITECTURA PROPUESTA: sustituye referencias antiguas al aprobar ECN; pins reales TBC_MODEL""}",PHYSICAL_ADDITION
W114,SENS-25,SAFETY_NC_OUT_TBC,SAFE-34,MANUAL_ENABLE_LATCH_INPUT_TBC,SAFETY_CHAIN,"{""id"": ""W114"", ""from_component"": ""SENS-25"", ""from_pin"": ""SAFETY_NC_OUT_TBC"", ""to_component"": ""SAFE-34"", ""to_pin"": ""MANUAL_ENABLE_LATCH_INPUT_TBC"", ""signal"": ""SAFETY_CHAIN"", ""voltage"": ""12V_CONTROL"", ""awg"": null, ""connector"": ""TBC_MODEL"", ""fuse"": ""TBC_MODEL"", ""route"": ""ARQUITECTURA PROPUESTA: sustituye referencias antiguas al aprobar ECN; pins reales TBC_MODEL""}",PHYSICAL_ADDITION
W115,SAFE-34,COIL_RETURN_TBC,ELEC-31,RETURN,SAFETY_CHAIN_RETURN,"{""id"": ""W115"", ""from_component"": ""SAFE-34"", ""from_pin"": ""COIL_RETURN_TBC"", ""to_component"": ""ELEC-31"", ""to_pin"": ""RETURN"", ""signal"": ""SAFETY_CHAIN_RETURN"", ""voltage"": ""0V_ACT"", ""awg"": null, ""connector"": ""TBC_MODEL"", ""fuse"": ""TBC_MODEL"", ""route"": ""ARQUITECTURA PROPUESTA: sustituye referencias antiguas al aprobar ECN; pins reales TBC_MODEL""}",PHYSICAL_ADDITION
W116,SAFE-35,OUT_F_MAIN,SAFE-34,DC_CONTACT_IN_TBC,DC_CUT_POWER,"{""id"": ""W116"", ""from_component"": ""SAFE-35"", ""from_pin"": ""OUT_F_MAIN"", ""to_component"": ""SAFE-34"", ""to_pin"": ""DC_CONTACT_IN_TBC"", ""signal"": ""DC_CUT_POWER"", ""voltage"": ""12V"", ""awg"": null, ""connector"": ""TBC_MODEL"", ""fuse"": ""TBC_MODEL"", ""route"": ""ARQUITECTURA PROPUESTA: sustituye referencias antiguas al aprobar ECN; pins reales TBC_MODEL""}",PHYSICAL_ADDITION
W117,SAFE-34,DC_CONTACT_OUT_TBC,ACTUATOR_BUS,+12V_CUT,DC_CUT_POWER,"{""id"": ""W117"", ""from_component"": ""SAFE-34"", ""from_pin"": ""DC_CONTACT_OUT_TBC"", ""to_component"": ""ACTUATOR_BUS"", ""to_pin"": ""+12V_CUT"", ""signal"": ""DC_CUT_POWER"", ""voltage"": ""12V_CUT"", ""awg"": null, ""connector"": ""TBC_MODEL"", ""fuse"": ""TBC_MODEL"", ""route"": ""ARQUITECTURA PROPUESTA: sustituye referencias antiguas al aprobar ECN; pins reales TBC_MODEL""}",PHYSICAL_ADDITION
W118,ACTUATOR_BUS,+12V_CUT,SAFE-36,MOTOR_FUSE_IN,MOTOR_POWER,"{""id"": ""W118"", ""from_component"": ""ACTUATOR_BUS"", ""from_pin"": ""+12V_CUT"", ""to_component"": ""SAFE-36"", ""to_pin"": ""MOTOR_FUSE_IN"", ""signal"": ""MOTOR_POWER"", ""voltage"": ""12V_CUT"", ""awg"": null, ""connector"": ""TBC_MODEL"", ""fuse"": ""TBC_MODEL"", ""route"": ""ARQUITECTURA PROPUESTA: sustituye referencias antiguas al aprobar ECN; pins reales TBC_MODEL""}",PHYSICAL_ADDITION
W119,ACTUATOR_BUS,+12V_CUT,SAFE-37,SERVO_FUSE_IN,SERVO_POWER,"{""id"": ""W119"", ""from_component"": ""ACTUATOR_BUS"", ""from_pin"": ""+12V_CUT"", ""to_component"": ""SAFE-37"", ""to_pin"": ""SERVO_FUSE_IN"", ""signal"": ""SERVO_POWER"", ""voltage"": ""12V_CUT"", ""awg"": null, ""connector"": ""TBC_MODEL"", ""fuse"": ""TBC_MODEL"", ""route"": ""ARQUITECTURA PROPUESTA: sustituye referencias antiguas al aprobar ECN; pins reales TBC_MODEL""}",PHYSICAL_ADDITION
