id,source_json
J01,"{""id"": ""J01"", ""poles"": 2, ""function"": ""Entrada fuente 12 V +/\u2212"", ""bom_id"": ""BOM-47"", ""fixation"": ""KF301 requiere soporte soldado y aislado; TBC montaje real""}"
J02,"{""id"": ""J02"", ""poles"": 2, ""function"": ""Principal protegido +12 V / retorno"", ""bom_id"": ""BOM-47"", ""fixation"": ""KF301 requiere soporte soldado y aislado; TBC montaje real""}"
J03,"{""id"": ""J03"", ""poles"": 2, ""function"": ""Rama motor +12 V / retorno"", ""bom_id"": ""BOM-47"", ""fixation"": ""KF301 requiere soporte soldado y aislado; TBC montaje real""}"
J04,"{""id"": ""J04"", ""poles"": 2, ""function"": ""Rama buck +12 V / retorno"", ""bom_id"": ""BOM-47"", ""fixation"": ""KF301 requiere soporte soldado y aislado; TBC montaje real""}"
J05,"{""id"": ""J05"", ""poles"": 2, ""function"": ""Salida buck +6 V / retorno"", ""bom_id"": ""BOM-47"", ""fixation"": ""KF301 requiere soporte soldado y aislado; TBC montaje real""}"
J06,"{""id"": ""J06"", ""poles"": 2, ""function"": ""Iluminaci\u00f3n auxiliar TBC"", ""bom_id"": ""BOM-47"", ""fixation"": ""KF301 requiere soporte soldado y aislado; TBC montaje real""}"
J07,"{""id"": ""J07"", ""poles"": 3, ""function"": ""Servo +6 V / GND / PWM"", ""bom_id"": ""BOM-48"", ""fixation"": ""KF301 requiere soporte soldado y aislado; TBC montaje real""}"
J08,"{""id"": ""J08"", ""poles"": 3, ""function"": ""Relay alimentaci\u00f3n / retorno / control TBC"", ""bom_id"": ""BOM-48"", ""fixation"": ""KF301 requiere soporte soldado y aislado; TBC montaje real""}"
J09,"{""id"": ""J09"", ""poles"": 3, ""function"": ""Indicadores retorno G/Y/R; drivers ausentes"", ""bom_id"": ""BOM-48"", ""fixation"": ""KF301 requiere soporte soldado y aislado; TBC montaje real""}"
J10,"{""id"": ""J10"", ""poles"": 3, ""function"": ""Referencia se\u00f1al 3V3 / GND / reserva"", ""bom_id"": ""BOM-48"", ""fixation"": ""KF301 requiere soporte soldado y aislado; TBC montaje real""}"
J11,"{""id"": ""J11"", ""poles"": 4, ""function"": ""Motor A1 A2 B1 B2"", ""bom_id"": ""BOM-49"", ""fixation"": ""KF301 requiere soporte soldado y aislado; TBC montaje real""}"
J12,"{""id"": ""J12"", ""poles"": 4, ""function"": ""HX711 E+ E\u2212 A+ A\u2212"", ""bom_id"": ""BOM-49"", ""fixation"": ""KF301 requiere soporte soldado y aislado; TBC montaje real""}"
J13,"{""id"": ""J13"", ""poles"": 4, ""function"": ""I2C 3V3 GND SDA SCL distribuci\u00f3n"", ""bom_id"": ""BOM-49"", ""fixation"": ""KF301 requiere soporte soldado y aislado; TBC montaje real""}"
J14,"{""id"": ""J14"", ""poles"": 4, ""function"": ""Cadena resguardos interfaz TBC"", ""bom_id"": ""BOM-49"", ""fixation"": ""KF301 requiere soporte soldado y aislado; TBC montaje real""}"
