gpio,physical_pin,signal,direction,source_json,plan_json
0,1,STEP,OUT,"{""gpio"": 0, ""physical_pin"": 1, ""signal"": ""STEP"", ""device"": ""ELEC-12"", ""direction"": ""OUT"", ""active"": ""HIGH"", ""voltage_max"": 3.3, ""safe"": ""LOW"", ""pull"": ""Seg\u00fan m\u00f3dulo"", ""connector"": ""H01:1""}","{""gpio"": ""0"", ""physical_pin"": ""1"", ""signal"": ""STEP"", ""status"": ""REFERENCE_VERIFY_ON_BOARD""}"
1,2,DIR,OUT,"{""gpio"": 1, ""physical_pin"": 2, ""signal"": ""DIR"", ""device"": ""ELEC-12"", ""direction"": ""OUT"", ""active"": ""HIGH"", ""voltage_max"": 3.3, ""safe"": ""LOW"", ""pull"": ""Seg\u00fan m\u00f3dulo"", ""connector"": ""H01:2""}","{""gpio"": ""1"", ""physical_pin"": ""2"", ""signal"": ""DIR"", ""status"": ""REFERENCE_VERIFY_ON_BOARD""}"
2,4,nEN,OUT,"{""gpio"": 2, ""physical_pin"": 4, ""signal"": ""nEN"", ""device"": ""ELEC-12"", ""direction"": ""OUT"", ""active"": ""LOW"", ""voltage_max"": 3.3, ""safe"": ""HIGH / deshabilitado; pull-up externo AUSENTE BOM"", ""pull"": ""Externo nEN necesario, no comprado"", ""connector"": ""H01:3""}","{""gpio"": ""2"", ""physical_pin"": ""4"", ""signal"": ""nEN"", ""status"": ""REFERENCE_EXTERNAL_PULLUP_REQUIRED""}"
3,5,SERVO_PWM,OUT,"{""gpio"": 3, ""physical_pin"": 5, ""signal"": ""SERVO PWM"", ""device"": ""ACT-15"", ""direction"": ""OUT"", ""active"": ""HIGH"", ""voltage_max"": 3.3, ""safe"": ""HIGH-Z / sin PWM"", ""pull"": ""Seg\u00fan m\u00f3dulo"", ""connector"": ""H01:4""}","{""gpio"": ""3"", ""physical_pin"": ""5"", ""signal"": ""SERVO_PWM"", ""status"": ""REFERENCE_EXTERNAL_POWER""}"
4,6,I2C_SDA,BIDIR,"{""gpio"": 4, ""physical_pin"": 6, ""signal"": ""SDA"", ""device"": ""SENS-TOF0..3"", ""direction"": ""BIDIR"", ""active"": ""HIGH"", ""voltage_max"": 3.3, ""safe"": ""OPEN/UNKNOWN"", ""pull"": ""SDA/SCL pull-ups efectivos; m\u00f3dulos TBC"", ""connector"": ""H01:5""}","{""gpio"": ""4"", ""physical_pin"": ""6"", ""signal"": ""I2C_SDA"", ""status"": ""REFERENCE_3V3""}"
5,7,I2C_SCL,BIDIR,"{""gpio"": 5, ""physical_pin"": 7, ""signal"": ""SCL"", ""device"": ""SENS-TOF0..3"", ""direction"": ""BIDIR"", ""active"": ""HIGH"", ""voltage_max"": 3.3, ""safe"": ""OPEN/UNKNOWN"", ""pull"": ""SDA/SCL pull-ups efectivos; m\u00f3dulos TBC"", ""connector"": ""H01:6""}","{""gpio"": ""5"", ""physical_pin"": ""7"", ""signal"": ""I2C_SCL"", ""status"": ""REFERENCE_3V3""}"
6,9,TOF_XSHUT_0,OUT,"{""gpio"": 6, ""physical_pin"": 9, ""signal"": ""XSHUT0"", ""device"": ""SENS-TOF0"", ""direction"": ""OUT"", ""active"": ""HIGH"", ""voltage_max"": 3.3, ""safe"": ""LOW"", ""pull"": ""XSHUT LOW/alta impedancia"", ""connector"": ""H01:7""}","{""gpio"": ""6"", ""physical_pin"": ""9"", ""signal"": ""TOF_XSHUT_0"", ""status"": ""REFERENCE_LOW_OR_HIGH_IMPEDANCE""}"
7,10,TOF_XSHUT_1,OUT,"{""gpio"": 7, ""physical_pin"": 10, ""signal"": ""XSHUT1"", ""device"": ""SENS-TOF1"", ""direction"": ""OUT"", ""active"": ""HIGH"", ""voltage_max"": 3.3, ""safe"": ""LOW"", ""pull"": ""XSHUT LOW/alta impedancia"", ""connector"": ""H01:8""}","{""gpio"": ""7"", ""physical_pin"": ""10"", ""signal"": ""TOF_XSHUT_1"", ""status"": ""REFERENCE_LOW_OR_HIGH_IMPEDANCE""}"
8,11,TOF_XSHUT_2,OUT,"{""gpio"": 8, ""physical_pin"": 11, ""signal"": ""XSHUT2"", ""device"": ""SENS-TOF2"", ""direction"": ""OUT"", ""active"": ""HIGH"", ""voltage_max"": 3.3, ""safe"": ""LOW"", ""pull"": ""XSHUT LOW/alta impedancia"", ""connector"": ""H01:9""}","{""gpio"": ""8"", ""physical_pin"": ""11"", ""signal"": ""TOF_XSHUT_2"", ""status"": ""REFERENCE_LOW_OR_HIGH_IMPEDANCE""}"
9,12,TOF_XSHUT_3,OUT,"{""gpio"": 9, ""physical_pin"": 12, ""signal"": ""XSHUT3"", ""device"": ""SENS-TOF3"", ""direction"": ""OUT"", ""active"": ""HIGH"", ""voltage_max"": 3.3, ""safe"": ""LOW"", ""pull"": ""XSHUT LOW/alta impedancia"", ""connector"": ""H01:10""}","{""gpio"": ""9"", ""physical_pin"": ""12"", ""signal"": ""TOF_XSHUT_3"", ""status"": ""REFERENCE_LOW_OR_HIGH_IMPEDANCE""}"
10,14,HX711_DOUT,IN,"{""gpio"": 10, ""physical_pin"": 14, ""signal"": ""HX711 DOUT"", ""device"": ""ELEC-HX711"", ""direction"": ""IN"", ""active"": ""HIGH"", ""voltage_max"": 3.3, ""safe"": ""OPEN/UNKNOWN"", ""pull"": ""Pull-up interno 3.3 V; validar ruido"", ""connector"": ""H01:11""}","{""gpio"": ""10"", ""physical_pin"": ""14"", ""signal"": ""HX711_DOUT"", ""status"": ""REFERENCE_3V3_LOGIC""}"
11,15,HX711_SCK,OUT,"{""gpio"": 11, ""physical_pin"": 15, ""signal"": ""HX711 SCK"", ""device"": ""ELEC-HX711"", ""direction"": ""OUT"", ""active"": ""HIGH"", ""voltage_max"": 3.3, ""safe"": ""LOW"", ""pull"": ""Seg\u00fan m\u00f3dulo"", ""connector"": ""H01:12""}","{""gpio"": ""11"", ""physical_pin"": ""15"", ""signal"": ""HX711_SCK"", ""status"": ""REFERENCE_3V3_LOGIC""}"
12,16,LID_CLOSED,IN,"{""gpio"": 12, ""physical_pin"": 16, ""signal"": ""TOP LID"", ""device"": ""SENS-24"", ""direction"": ""IN"", ""active"": ""LOW"", ""voltage_max"": 3.3, ""safe"": ""OPEN/UNKNOWN"", ""pull"": ""Pull-up interno 3.3 V; validar ruido"", ""connector"": ""H01:13""}","{""gpio"": ""12"", ""physical_pin"": ""16"", ""signal"": ""LID_CLOSED"", ""status"": ""REFERENCE_INDEPENDENT_POWER_CUT""}"
13,17,GATE_CLOSED,IN,"{""gpio"": 13, ""physical_pin"": 17, ""signal"": ""GATE CLOSED"", ""device"": ""SENS-22"", ""direction"": ""IN"", ""active"": ""LOW"", ""voltage_max"": 3.3, ""safe"": ""OPEN/UNKNOWN"", ""pull"": ""Pull-up interno 3.3 V; validar ruido"", ""connector"": ""H01:14""}","{""gpio"": ""13"", ""physical_pin"": ""17"", ""signal"": ""GATE_CLOSED"", ""status"": ""REFERENCE_VERIFY_POLARITY""}"
14,19,GATE_OPEN,IN,"{""gpio"": 14, ""physical_pin"": 19, ""signal"": ""GATE OPEN"", ""device"": ""SENS-23"", ""direction"": ""IN"", ""active"": ""LOW"", ""voltage_max"": 3.3, ""safe"": ""OPEN/UNKNOWN"", ""pull"": ""Pull-up interno 3.3 V; validar ruido"", ""connector"": ""H01:15""}","{""gpio"": ""14"", ""physical_pin"": ""19"", ""signal"": ""GATE_OPEN"", ""status"": ""REFERENCE_VERIFY_POLARITY""}"
15,20,PHYSICAL_RESET,IN,"{""gpio"": 15, ""physical_pin"": 20, ""signal"": ""RESET"", ""device"": ""SENS-26"", ""direction"": ""IN"", ""active"": ""LOW"", ""voltage_max"": 3.3, ""safe"": ""OPEN/UNKNOWN"", ""pull"": ""Pull-up interno 3.3 V; validar ruido"", ""connector"": ""H01:16""}","{""gpio"": ""15"", ""physical_pin"": ""20"", ""signal"": ""PHYSICAL_RESET"", ""status"": ""REFERENCE_VERIFY_POLARITY""}"
16,21,ROTOR_INDEX_0,IN,"{""gpio"": 16, ""physical_pin"": 21, ""signal"": ""ROT0"", ""device"": ""SENS-ROT0"", ""direction"": ""IN"", ""active"": ""LOW"", ""voltage_max"": 3.3, ""safe"": ""OPEN/UNKNOWN"", ""pull"": ""Pull-up interno 3.3 V; validar ruido"", ""connector"": ""H01:17""}","{""gpio"": ""16"", ""physical_pin"": ""21"", ""signal"": ""ROTOR_INDEX_0"", ""status"": ""REFERENCE_VERIFY_POLARITY""}"
17,22,ROTOR_INDEX_1,IN,"{""gpio"": 17, ""physical_pin"": 22, ""signal"": ""ROT1"", ""device"": ""SENS-ROT1"", ""direction"": ""IN"", ""active"": ""LOW"", ""voltage_max"": 3.3, ""safe"": ""OPEN/UNKNOWN"", ""pull"": ""Pull-up interno 3.3 V; validar ruido"", ""connector"": ""H01:18""}","{""gpio"": ""17"", ""physical_pin"": ""22"", ""signal"": ""ROTOR_INDEX_1"", ""status"": ""REFERENCE_VERIFY_POLARITY""}"
18,24,ROTOR_INDEX_2,IN,"{""gpio"": 18, ""physical_pin"": 24, ""signal"": ""ROT2"", ""device"": ""SENS-ROT2"", ""direction"": ""IN"", ""active"": ""LOW"", ""voltage_max"": 3.3, ""safe"": ""OPEN/UNKNOWN"", ""pull"": ""Pull-up interno 3.3 V; validar ruido"", ""connector"": ""H01:19""}","{""gpio"": ""18"", ""physical_pin"": ""24"", ""signal"": ""ROTOR_INDEX_2"", ""status"": ""REFERENCE_VERIFY_POLARITY""}"
19,25,ROTOR_INDEX_3,IN,"{""gpio"": 19, ""physical_pin"": 25, ""signal"": ""ROT3"", ""device"": ""SENS-ROT3"", ""direction"": ""IN"", ""active"": ""LOW"", ""voltage_max"": 3.3, ""safe"": ""OPEN/UNKNOWN"", ""pull"": ""Pull-up interno 3.3 V; validar ruido"", ""connector"": ""H01:20""}","{""gpio"": ""19"", ""physical_pin"": ""25"", ""signal"": ""ROTOR_INDEX_3"", ""status"": ""REFERENCE_VERIFY_POLARITY""}"
20,26,FALL_BEAM_0,IN,"{""gpio"": 20, ""physical_pin"": 26, ""signal"": ""FALL0"", ""device"": ""SENS-27"", ""direction"": ""IN"", ""active"": ""LOW"", ""voltage_max"": 3.3, ""safe"": ""OPEN/UNKNOWN"", ""pull"": ""Pull-up interno 3.3 V; validar ruido"", ""connector"": ""H01:21""}","{""gpio"": ""20"", ""physical_pin"": ""26"", ""signal"": ""FALL_BEAM_0"", ""status"": ""REFERENCE_VERIFY_POLARITY""}"
21,27,FALL_BEAM_1,IN,"{""gpio"": 21, ""physical_pin"": 27, ""signal"": ""FALL1"", ""device"": ""SENS-28"", ""direction"": ""IN"", ""active"": ""LOW"", ""voltage_max"": 3.3, ""safe"": ""OPEN/UNKNOWN"", ""pull"": ""Pull-up interno 3.3 V; validar ruido"", ""connector"": ""H01:22""}","{""gpio"": ""21"", ""physical_pin"": ""27"", ""signal"": ""FALL_BEAM_1"", ""status"": ""REFERENCE_VERIFY_POLARITY""}"
22,29,FALL_BEAM_2,IN,"{""gpio"": 22, ""physical_pin"": 29, ""signal"": ""FALL2"", ""device"": ""SENS-29"", ""direction"": ""IN"", ""active"": ""LOW"", ""voltage_max"": 3.3, ""safe"": ""OPEN/UNKNOWN"", ""pull"": ""Pull-up interno 3.3 V; validar ruido"", ""connector"": ""H01:23""}","{""gpio"": ""22"", ""physical_pin"": ""29"", ""signal"": ""FALL_BEAM_2"", ""status"": ""REFERENCE_VERIFY_POLARITY""}"
26,31,FALL_BEAM_3,IN,"{""gpio"": 26, ""physical_pin"": 31, ""signal"": ""FALL3"", ""device"": ""SENS-30"", ""direction"": ""IN"", ""active"": ""LOW"", ""voltage_max"": 3.3, ""safe"": ""OPEN/UNKNOWN"", ""pull"": ""Pull-up interno 3.3 V; validar ruido"", ""connector"": ""H01:27""}","{""gpio"": ""26"", ""physical_pin"": ""31"", ""signal"": ""FALL_BEAM_3"", ""status"": ""REFERENCE_VERIFY_POLARITY""}"
27,32,SERVICE_CLOSED,IN,"{""gpio"": 27, ""physical_pin"": 32, ""signal"": ""SERVICE DOOR"", ""device"": ""SENS-25"", ""direction"": ""IN"", ""active"": ""LOW"", ""voltage_max"": 3.3, ""safe"": ""OPEN/UNKNOWN"", ""pull"": ""Pull-up interno 3.3 V; validar ruido"", ""connector"": ""H01:28""}","{""gpio"": ""27"", ""physical_pin"": ""32"", ""signal"": ""SERVICE_CLOSED"", ""status"": ""REFERENCE_INDEPENDENT_POWER_CUT""}"
28,34,ACTUATOR_POWER_FEEDBACK,IN,"{""gpio"": 28, ""physical_pin"": 34, ""signal"": ""ACTUATOR POWER"", ""device"": ""SAFE-34"", ""direction"": ""IN"", ""active"": ""HIGH"", ""voltage_max"": 3.3, ""safe"": ""OPEN/UNKNOWN"", ""pull"": ""Interfaz 12\u21923.3 V AUSENTE"", ""connector"": ""H01:29""}","{""gpio"": ""28"", ""physical_pin"": ""34"", ""signal"": ""ACTUATOR_POWER_FEEDBACK"", ""status"": ""REFERENCE_ISOLATED_OR_LEVEL_ADAPTED""}"
