wire_id,from_component,from_pin,to_component,to_pin,signal,voltage_domain,wire_gauge_or_type,connector,fuse,shield,notes,status
W001,ELEC-03,USB-C,CMP-01,USB-C,LOGIC,5.1 V,TBC_MEASURE,Cable fuente oficial,fuente,TBC_MEASURE,"Referencia de gemelo; NO es cableado aprobado. R-L exterior/alivio. Validar pin real, polaridad y corte DC. Longitud TBC_MEASURE",PENDING_PHYSICAL_VALIDATION
W002,CMP-01,CSI22,CMP-02,CSI15,CSI,CSI,TBC_MEASURE,HAR-07,—,TBC_MEASURE,"Referencia de gemelo; NO es cableado aprobado. R-C alto; radio TBC. Validar pin real, polaridad y corte DC. Longitud TBC_MEASURE",PENDING_PHYSICAL_VALIDATION
W003,CMP-01,FAN,ELEC-04,FAN,FAN,según Pi,TBC_MEASURE,conector original,—,TBC_MEASURE,"Referencia de gemelo; NO es cableado aprobado. R-S posterior señal. Validar pin real, polaridad y corte DC. Longitud TBC_MEASURE",PENDING_PHYSICAL_VALIDATION
W004,CMP-01,USB-A,CMP-06,USB,USB CDC,USB 5 V + datos,TBC_MEASURE,HAR-08,—,TBC_MEASURE,"Referencia de gemelo; NO es cableado aprobado. R-S posterior señal. Validar pin real, polaridad y corte DC. Longitud TBC_MEASURE",PENDING_PHYSICAL_VALIDATION
W005,CMP-01,SD,CMP-05,contactos,STORAGE,bus SD,TBC_MEASURE,ranura SD,—,TBC_MEASURE,"Referencia de gemelo; NO es cableado aprobado. R-S posterior señal. Validar pin real, polaridad y corte DC. Longitud TBC_MEASURE",PENDING_PHYSICAL_VALIDATION
W006,ELEC-31,+,SAFE-35,IN,MAIN,12 V,TBC_MEASURE (referencia 18 AWG),J01:1,SAFE-38-ACTIVE,TBC_MEASURE,"Referencia de gemelo; NO es cableado aprobado. R-P potencia fija. Validar pin real, polaridad y corte DC. Longitud TBC_MEASURE",PENDING_PHYSICAL_VALIDATION
W007,SAFE-35,OUT,SAFE-34,COM,PROTECTED,12 V,TBC_MEASURE (referencia 18 AWG),J02:1,SAFE-38-ACTIVE,TBC_MEASURE,"Referencia de gemelo; NO es cableado aprobado. R-P potencia fija. Validar pin real, polaridad y corte DC. Longitud TBC_MEASURE",PENDING_PHYSICAL_VALIDATION
W008,SAFE-34,NO,SAFE-36,IN,MOTOR BRANCH,12 V switched,TBC_MEASURE (referencia 18 AWG),J03:1,SAFE-39-ACTIVE,TBC_MEASURE,"Referencia de gemelo; NO es cableado aprobado. R-P potencia fija. Validar pin real, polaridad y corte DC. Longitud TBC_MEASURE",PENDING_PHYSICAL_VALIDATION
W009,SAFE-36,OUT,ELEC-12,VMOT,VMOT,12 V switched,TBC_MEASURE (referencia 18 AWG),J03:1,SAFE-39-ACTIVE,TBC_MEASURE,"Referencia de gemelo; NO es cableado aprobado. R-P potencia fija. Validar pin real, polaridad y corte DC. Longitud TBC_MEASURE",PENDING_PHYSICAL_VALIDATION
W010,SAFE-34,NO,SAFE-37,IN,SERVO BRANCH,12 V switched,TBC_MEASURE (referencia 18 AWG),J04:1,SAFE-40-ACTIVE,TBC_MEASURE,"Referencia de gemelo; NO es cableado aprobado. R-P potencia fija. Validar pin real, polaridad y corte DC. Longitud TBC_MEASURE",PENDING_PHYSICAL_VALIDATION
W011,SAFE-37,OUT,ELEC-32,IN+,BUCK INPUT,12 V switched,TBC_MEASURE (referencia 18 AWG),J04:1,SAFE-40-ACTIVE,TBC_MEASURE,"Referencia de gemelo; NO es cableado aprobado. R-P potencia fija. Validar pin real, polaridad y corte DC. Longitud TBC_MEASURE",PENDING_PHYSICAL_VALIDATION
W012,ELEC-32,OUT+,ACT-15,V+,SERVO POWER,6 V,TBC_MEASURE (referencia 18 AWG),J05:1→J07:1,SAFE-40-ACTIVE,TBC_MEASURE,"Referencia de gemelo; NO es cableado aprobado. R-P potencia fija. Validar pin real, polaridad y corte DC. Longitud TBC_MEASURE",PENDING_PHYSICAL_VALIDATION
W013,ELEC-12,PGND,ELEC-31,−,POWER RETURN,0 V,TBC_MEASURE (referencia 18 AWG),J03:2,—,TBC_MEASURE,"Referencia de gemelo; NO es cableado aprobado. R-P estrella potencia. Validar pin real, polaridad y corte DC. Longitud TBC_MEASURE",PENDING_PHYSICAL_VALIDATION
W014,ELEC-32,IN−,ELEC-31,−,POWER RETURN,0 V,TBC_MEASURE (referencia 18 AWG),J04:2,—,TBC_MEASURE,"Referencia de gemelo; NO es cableado aprobado. R-P estrella potencia. Validar pin real, polaridad y corte DC. Longitud TBC_MEASURE",PENDING_PHYSICAL_VALIDATION
W015,ACT-15,GND,ELEC-31,−,POWER RETURN,0 V,TBC_MEASURE (referencia 18 AWG),J07:2,—,TBC_MEASURE,"Referencia de gemelo; NO es cableado aprobado. R-P estrella potencia. Validar pin real, polaridad y corte DC. Longitud TBC_MEASURE",PENDING_PHYSICAL_VALIDATION
W016,SAFE-34,COIL−,ELEC-31,−,POWER RETURN,0 V,TBC_MEASURE (referencia 18 AWG),J08:2,—,TBC_MEASURE,"Referencia de gemelo; NO es cableado aprobado. R-P estrella potencia. Validar pin real, polaridad y corte DC. Longitud TBC_MEASURE",PENDING_PHYSICAL_VALIDATION
W017,ELEC-32,OUT−,ELEC-31,−,BUCK COMMON,0 V,TBC_MEASURE (referencia 18 AWG),J05:2,—,TBC_MEASURE,"Referencia de gemelo; NO es cableado aprobado. R-S posterior señal. Validar pin real, polaridad y corte DC. Longitud TBC_MEASURE",PENDING_PHYSICAL_VALIDATION
W018,CMP-06,GND pin38,ELEC-31,− estrella,SINGLE SIGNAL REFERENCE,0 V,TBC_MEASURE (referencia 22 AWG),J10:2,—,TBC_MEASURE,"Referencia de gemelo; NO es cableado aprobado. R-S unión única junto entrada potencia. Validar pin real, polaridad y corte DC. Longitud TBC_MEASURE",PENDING_PHYSICAL_VALIDATION
W019,ELEC-12,VMOT,ELEC-14-0,+,DECOUPLING,12 V switched,TBC_MEASURE (referencia 18 AWG),terminal corto,—,TBC_MEASURE,"Referencia de gemelo; NO es cableado aprobado. R-S posterior señal. Validar pin real, polaridad y corte DC. Longitud TBC_MEASURE",PENDING_PHYSICAL_VALIDATION
W020,ELEC-14-0,−,ELEC-31,−,CAP RETURN,0 V,TBC_MEASURE (referencia 18 AWG),terminal corto,—,TBC_MEASURE,"Referencia de gemelo; NO es cableado aprobado. R-S posterior señal. Validar pin real, polaridad y corte DC. Longitud TBC_MEASURE",PENDING_PHYSICAL_VALIDATION
W021,ELEC-32,IN+,ELEC-14-1,+,DECOUPLING,12 V switched,TBC_MEASURE (referencia 18 AWG),terminal corto,—,TBC_MEASURE,"Referencia de gemelo; NO es cableado aprobado. R-S posterior señal. Validar pin real, polaridad y corte DC. Longitud TBC_MEASURE",PENDING_PHYSICAL_VALIDATION
W022,ELEC-14-1,−,ELEC-31,−,CAP RETURN,0 V,TBC_MEASURE (referencia 18 AWG),terminal corto,—,TBC_MEASURE,"Referencia de gemelo; NO es cableado aprobado. R-S posterior señal. Validar pin real, polaridad y corte DC. Longitud TBC_MEASURE",PENDING_PHYSICAL_VALIDATION
W023,ELEC-12,A1,ACT-09,coil A end1,COIL,PWM bobina,TBC_MEASURE (referencia 18 AWG),J11:1,SAFE-39-ACTIVE,TBC_MEASURE,"Referencia de gemelo; NO es cableado aprobado. R-M bobinas separadas señal. Validar pin real, polaridad y corte DC. Longitud TBC_MEASURE",PENDING_PHYSICAL_VALIDATION
W024,ELEC-12,A2,ACT-09,coil A end2,COIL,PWM bobina,TBC_MEASURE (referencia 18 AWG),J11:2,SAFE-39-ACTIVE,TBC_MEASURE,"Referencia de gemelo; NO es cableado aprobado. R-M bobinas separadas señal. Validar pin real, polaridad y corte DC. Longitud TBC_MEASURE",PENDING_PHYSICAL_VALIDATION
W025,ELEC-12,B1,ACT-09,coil B end1,COIL,PWM bobina,TBC_MEASURE (referencia 18 AWG),J11:3,SAFE-39-ACTIVE,TBC_MEASURE,"Referencia de gemelo; NO es cableado aprobado. R-M bobinas separadas señal. Validar pin real, polaridad y corte DC. Longitud TBC_MEASURE",PENDING_PHYSICAL_VALIDATION
W026,ELEC-12,B2,ACT-09,coil B end2,COIL,PWM bobina,TBC_MEASURE (referencia 18 AWG),J11:4,SAFE-39-ACTIVE,TBC_MEASURE,"Referencia de gemelo; NO es cableado aprobado. R-M bobinas separadas señal. Validar pin real, polaridad y corte DC. Longitud TBC_MEASURE",PENDING_PHYSICAL_VALIDATION
W027,CMP-06,GPIO0 / pin1,ELEC-12,STEP,STEP,≤3.3 V,TBC_MEASURE (referencia 22 AWG),H01:1,—,TBC_MEASURE,"Referencia de gemelo; NO es cableado aprobado. R-S señal fija. Validar pin real, polaridad y corte DC. Longitud TBC_MEASURE",PENDING_PHYSICAL_VALIDATION
W028,CMP-06,GPIO1 / pin2,ELEC-12,DIR,DIR,≤3.3 V,TBC_MEASURE (referencia 22 AWG),H01:2,—,TBC_MEASURE,"Referencia de gemelo; NO es cableado aprobado. R-S señal fija. Validar pin real, polaridad y corte DC. Longitud TBC_MEASURE",PENDING_PHYSICAL_VALIDATION
W029,CMP-06,GPIO2 / pin4,ELEC-12,nEN,nEN,≤3.3 V,TBC_MEASURE (referencia 22 AWG),H01:3,—,TBC_MEASURE,"Referencia de gemelo; NO es cableado aprobado. R-S señal fija. Validar pin real, polaridad y corte DC. Longitud TBC_MEASURE",PENDING_PHYSICAL_VALIDATION
W030,CMP-06,GPIO3 / pin5,ACT-15,SERVO PWM,SERVO PWM,≤3.3 V,TBC_MEASURE (referencia 22 AWG),H01:4,—,TBC_MEASURE,"Referencia de gemelo; NO es cableado aprobado. R-S señal; bucle libre bandeja. Validar pin real, polaridad y corte DC. Longitud TBC_MEASURE",PENDING_PHYSICAL_VALIDATION
W031,CMP-06,GPIO4 / pin6,SENS-TOF0,SDA,SDA,3.3 V,TBC_MEASURE (referencia 22 AWG),J13 / H02,—,TBC_MEASURE,"Referencia de gemelo; NO es cableado aprobado. R-I bus corto separado bobinas. Validar pin real, polaridad y corte DC. Longitud TBC_MEASURE",PENDING_PHYSICAL_VALIDATION
W032,CMP-06,GPIO4 / pin6,SENS-TOF1,SDA,SDA,3.3 V,TBC_MEASURE (referencia 22 AWG),J13 / H02,—,TBC_MEASURE,"Referencia de gemelo; NO es cableado aprobado. R-I bus corto separado bobinas. Validar pin real, polaridad y corte DC. Longitud TBC_MEASURE",PENDING_PHYSICAL_VALIDATION
W033,CMP-06,GPIO4 / pin6,SENS-TOF2,SDA,SDA,3.3 V,TBC_MEASURE (referencia 22 AWG),J13 / H02,—,TBC_MEASURE,"Referencia de gemelo; NO es cableado aprobado. R-I bus corto separado bobinas. Validar pin real, polaridad y corte DC. Longitud TBC_MEASURE",PENDING_PHYSICAL_VALIDATION
W034,CMP-06,GPIO4 / pin6,SENS-TOF3,SDA,SDA,3.3 V,TBC_MEASURE (referencia 22 AWG),J13 / H02,—,TBC_MEASURE,"Referencia de gemelo; NO es cableado aprobado. R-I bus corto separado bobinas. Validar pin real, polaridad y corte DC. Longitud TBC_MEASURE",PENDING_PHYSICAL_VALIDATION
W035,CMP-06,GPIO5 / pin7,SENS-TOF0,SCL,SCL,3.3 V,TBC_MEASURE (referencia 22 AWG),J13 / H02,—,TBC_MEASURE,"Referencia de gemelo; NO es cableado aprobado. R-I bus corto separado bobinas. Validar pin real, polaridad y corte DC. Longitud TBC_MEASURE",PENDING_PHYSICAL_VALIDATION
W036,CMP-06,GPIO5 / pin7,SENS-TOF1,SCL,SCL,3.3 V,TBC_MEASURE (referencia 22 AWG),J13 / H02,—,TBC_MEASURE,"Referencia de gemelo; NO es cableado aprobado. R-I bus corto separado bobinas. Validar pin real, polaridad y corte DC. Longitud TBC_MEASURE",PENDING_PHYSICAL_VALIDATION
W037,CMP-06,GPIO5 / pin7,SENS-TOF2,SCL,SCL,3.3 V,TBC_MEASURE (referencia 22 AWG),J13 / H02,—,TBC_MEASURE,"Referencia de gemelo; NO es cableado aprobado. R-I bus corto separado bobinas. Validar pin real, polaridad y corte DC. Longitud TBC_MEASURE",PENDING_PHYSICAL_VALIDATION
W038,CMP-06,GPIO5 / pin7,SENS-TOF3,SCL,SCL,3.3 V,TBC_MEASURE (referencia 22 AWG),J13 / H02,—,TBC_MEASURE,"Referencia de gemelo; NO es cableado aprobado. R-I bus corto separado bobinas. Validar pin real, polaridad y corte DC. Longitud TBC_MEASURE",PENDING_PHYSICAL_VALIDATION
W039,CMP-06,GPIO6 / pin9,SENS-TOF0,XSHUT0,XSHUT0,≤3.3 V,TBC_MEASURE (referencia 22 AWG),H01:7,—,TBC_MEASURE,"Referencia de gemelo; NO es cableado aprobado. R-S señal fija. Validar pin real, polaridad y corte DC. Longitud TBC_MEASURE",PENDING_PHYSICAL_VALIDATION
W040,CMP-06,GPIO7 / pin10,SENS-TOF1,XSHUT1,XSHUT1,≤3.3 V,TBC_MEASURE (referencia 22 AWG),H01:8,—,TBC_MEASURE,"Referencia de gemelo; NO es cableado aprobado. R-S señal fija. Validar pin real, polaridad y corte DC. Longitud TBC_MEASURE",PENDING_PHYSICAL_VALIDATION
W041,CMP-06,GPIO8 / pin11,SENS-TOF2,XSHUT2,XSHUT2,≤3.3 V,TBC_MEASURE (referencia 22 AWG),H01:9,—,TBC_MEASURE,"Referencia de gemelo; NO es cableado aprobado. R-S señal fija. Validar pin real, polaridad y corte DC. Longitud TBC_MEASURE",PENDING_PHYSICAL_VALIDATION
W042,CMP-06,GPIO9 / pin12,SENS-TOF3,XSHUT3,XSHUT3,≤3.3 V,TBC_MEASURE (referencia 22 AWG),H01:10,—,TBC_MEASURE,"Referencia de gemelo; NO es cableado aprobado. R-S señal fija. Validar pin real, polaridad y corte DC. Longitud TBC_MEASURE",PENDING_PHYSICAL_VALIDATION
W043,CMP-06,GPIO10 / pin14,ELEC-HX711,HX711 DOUT,HX711 DOUT,≤3.3 V,TBC_MEASURE (referencia 22 AWG),H01:11,—,TBC_MEASURE,"Referencia de gemelo; NO es cableado aprobado. R-S señal; bucle libre bandeja. Validar pin real, polaridad y corte DC. Longitud TBC_MEASURE",PENDING_PHYSICAL_VALIDATION
W044,CMP-06,GPIO11 / pin15,ELEC-HX711,HX711 SCK,HX711 SCK,≤3.3 V,TBC_MEASURE (referencia 22 AWG),H01:12,—,TBC_MEASURE,"Referencia de gemelo; NO es cableado aprobado. R-S señal; bucle libre bandeja. Validar pin real, polaridad y corte DC. Longitud TBC_MEASURE",PENDING_PHYSICAL_VALIDATION
W045,CMP-06,GPIO12 / pin16,SENS-24,TOP LID,TOP LID,≤3.3 V,TBC_MEASURE (referencia 22 AWG),H01:13,—,TBC_MEASURE,"Referencia de gemelo; NO es cableado aprobado. R-S señal fija. Validar pin real, polaridad y corte DC. Longitud TBC_MEASURE",PENDING_PHYSICAL_VALIDATION
W046,CMP-06,GPIO13 / pin17,SENS-22,GATE CLOSED,GATE CLOSED,≤3.3 V,TBC_MEASURE (referencia 22 AWG),H01:14,—,TBC_MEASURE,"Referencia de gemelo; NO es cableado aprobado. R-S señal; bucle libre bandeja. Validar pin real, polaridad y corte DC. Longitud TBC_MEASURE",PENDING_PHYSICAL_VALIDATION
W047,CMP-06,GPIO14 / pin19,SENS-23,GATE OPEN,GATE OPEN,≤3.3 V,TBC_MEASURE (referencia 22 AWG),H01:15,—,TBC_MEASURE,"Referencia de gemelo; NO es cableado aprobado. R-S señal; bucle libre bandeja. Validar pin real, polaridad y corte DC. Longitud TBC_MEASURE",PENDING_PHYSICAL_VALIDATION
W048,CMP-06,GPIO15 / pin20,SENS-26,RESET,RESET,≤3.3 V,TBC_MEASURE (referencia 22 AWG),H01:16,—,TBC_MEASURE,"Referencia de gemelo; NO es cableado aprobado. R-S señal fija. Validar pin real, polaridad y corte DC. Longitud TBC_MEASURE",PENDING_PHYSICAL_VALIDATION
W049,CMP-06,GPIO16 / pin21,SENS-ROT0,ROT0,ROT0,≤3.3 V,TBC_MEASURE (referencia 22 AWG),H01:17,—,TBC_MEASURE,"Referencia de gemelo; NO es cableado aprobado. R-S señal fija. Validar pin real, polaridad y corte DC. Longitud TBC_MEASURE",PENDING_PHYSICAL_VALIDATION
W050,CMP-06,GPIO17 / pin22,SENS-ROT1,ROT1,ROT1,≤3.3 V,TBC_MEASURE (referencia 22 AWG),H01:18,—,TBC_MEASURE,"Referencia de gemelo; NO es cableado aprobado. R-S señal fija. Validar pin real, polaridad y corte DC. Longitud TBC_MEASURE",PENDING_PHYSICAL_VALIDATION
W051,CMP-06,GPIO18 / pin24,SENS-ROT2,ROT2,ROT2,≤3.3 V,TBC_MEASURE (referencia 22 AWG),H01:19,—,TBC_MEASURE,"Referencia de gemelo; NO es cableado aprobado. R-S señal fija. Validar pin real, polaridad y corte DC. Longitud TBC_MEASURE",PENDING_PHYSICAL_VALIDATION
W052,CMP-06,GPIO19 / pin25,SENS-ROT3,ROT3,ROT3,≤3.3 V,TBC_MEASURE (referencia 22 AWG),H01:20,—,TBC_MEASURE,"Referencia de gemelo; NO es cableado aprobado. R-S señal fija. Validar pin real, polaridad y corte DC. Longitud TBC_MEASURE",PENDING_PHYSICAL_VALIDATION
W053,CMP-06,GPIO20 / pin26,SENS-27,FALL0,FALL0,≤3.3 V,TBC_MEASURE (referencia 22 AWG),H01:21,—,TBC_MEASURE,"Referencia de gemelo; NO es cableado aprobado. R-S señal fija. Validar pin real, polaridad y corte DC. Longitud TBC_MEASURE",PENDING_PHYSICAL_VALIDATION
W054,CMP-06,GPIO21 / pin27,SENS-28,FALL1,FALL1,≤3.3 V,TBC_MEASURE (referencia 22 AWG),H01:22,—,TBC_MEASURE,"Referencia de gemelo; NO es cableado aprobado. R-S señal fija. Validar pin real, polaridad y corte DC. Longitud TBC_MEASURE",PENDING_PHYSICAL_VALIDATION
W055,CMP-06,GPIO22 / pin29,SENS-29,FALL2,FALL2,≤3.3 V,TBC_MEASURE (referencia 22 AWG),H01:23,—,TBC_MEASURE,"Referencia de gemelo; NO es cableado aprobado. R-S señal fija. Validar pin real, polaridad y corte DC. Longitud TBC_MEASURE",PENDING_PHYSICAL_VALIDATION
W056,CMP-06,GPIO26 / pin31,SENS-30,FALL3,FALL3,≤3.3 V,TBC_MEASURE (referencia 22 AWG),H01:27,—,TBC_MEASURE,"Referencia de gemelo; NO es cableado aprobado. R-S señal fija. Validar pin real, polaridad y corte DC. Longitud TBC_MEASURE",PENDING_PHYSICAL_VALIDATION
W057,CMP-06,GPIO27 / pin32,SENS-25,SERVICE DOOR,SERVICE DOOR,≤3.3 V,TBC_MEASURE (referencia 22 AWG),H01:28,—,TBC_MEASURE,"Referencia de gemelo; NO es cableado aprobado. R-S señal fija. Validar pin real, polaridad y corte DC. Longitud TBC_MEASURE",PENDING_PHYSICAL_VALIDATION
W058,CMP-06,GPIO28 / pin34,SAFE-34,ACTUATOR POWER,ACTUATOR POWER,≤3.3 V,TBC_MEASURE (referencia 22 AWG),H01:29,—,TBC_MEASURE,"Referencia de gemelo; NO es cableado aprobado. R-S señal fija. Validar pin real, polaridad y corte DC. Longitud TBC_MEASURE",PENDING_PHYSICAL_VALIDATION
W059,CMP-06,3V3 pin36,SENS-TOF0,VCC,SENSOR SUPPLY,3.3 V validado módulo,TBC_MEASURE (referencia 22 AWG),J10:1 / H02,—,TBC_MEASURE,"Referencia de gemelo; NO es cableado aprobado. R-S señal. Validar pin real, polaridad y corte DC. Longitud TBC_MEASURE",PENDING_PHYSICAL_VALIDATION
W060,SENS-TOF0,GND,CMP-06,GND,SENSOR RETURN,0 V,TBC_MEASURE (referencia 22 AWG),H02,—,TBC_MEASURE,"Referencia de gemelo; NO es cableado aprobado. R-S posterior señal. Validar pin real, polaridad y corte DC. Longitud TBC_MEASURE",PENDING_PHYSICAL_VALIDATION
W061,CMP-06,3V3 pin36,SENS-TOF1,VCC,SENSOR SUPPLY,3.3 V validado módulo,TBC_MEASURE (referencia 22 AWG),J10:1 / H02,—,TBC_MEASURE,"Referencia de gemelo; NO es cableado aprobado. R-S señal. Validar pin real, polaridad y corte DC. Longitud TBC_MEASURE",PENDING_PHYSICAL_VALIDATION
W062,SENS-TOF1,GND,CMP-06,GND,SENSOR RETURN,0 V,TBC_MEASURE (referencia 22 AWG),H02,—,TBC_MEASURE,"Referencia de gemelo; NO es cableado aprobado. R-S posterior señal. Validar pin real, polaridad y corte DC. Longitud TBC_MEASURE",PENDING_PHYSICAL_VALIDATION
W063,CMP-06,3V3 pin36,SENS-TOF2,VCC,SENSOR SUPPLY,3.3 V validado módulo,TBC_MEASURE (referencia 22 AWG),J10:1 / H02,—,TBC_MEASURE,"Referencia de gemelo; NO es cableado aprobado. R-S señal. Validar pin real, polaridad y corte DC. Longitud TBC_MEASURE",PENDING_PHYSICAL_VALIDATION
W064,SENS-TOF2,GND,CMP-06,GND,SENSOR RETURN,0 V,TBC_MEASURE (referencia 22 AWG),H02,—,TBC_MEASURE,"Referencia de gemelo; NO es cableado aprobado. R-S posterior señal. Validar pin real, polaridad y corte DC. Longitud TBC_MEASURE",PENDING_PHYSICAL_VALIDATION
W065,CMP-06,3V3 pin36,SENS-TOF3,VCC,SENSOR SUPPLY,3.3 V validado módulo,TBC_MEASURE (referencia 22 AWG),J10:1 / H02,—,TBC_MEASURE,"Referencia de gemelo; NO es cableado aprobado. R-S señal. Validar pin real, polaridad y corte DC. Longitud TBC_MEASURE",PENDING_PHYSICAL_VALIDATION
W066,SENS-TOF3,GND,CMP-06,GND,SENSOR RETURN,0 V,TBC_MEASURE (referencia 22 AWG),H02,—,TBC_MEASURE,"Referencia de gemelo; NO es cableado aprobado. R-S posterior señal. Validar pin real, polaridad y corte DC. Longitud TBC_MEASURE",PENDING_PHYSICAL_VALIDATION
W067,CMP-06,3V3 pin36,ELEC-HX711,VCC,SENSOR SUPPLY,3.3 V validado módulo,TBC_MEASURE (referencia 22 AWG),J10:1 / H02,—,TBC_MEASURE,"Referencia de gemelo; NO es cableado aprobado. R-S señal. Validar pin real, polaridad y corte DC. Longitud TBC_MEASURE",PENDING_PHYSICAL_VALIDATION
W068,ELEC-HX711,GND,CMP-06,GND,SENSOR RETURN,0 V,TBC_MEASURE (referencia 22 AWG),H02,—,TBC_MEASURE,"Referencia de gemelo; NO es cableado aprobado. R-S posterior señal. Validar pin real, polaridad y corte DC. Longitud TBC_MEASURE",PENDING_PHYSICAL_VALIDATION
W069,CMP-06,3V3 pin36,SENS-27,VCC,SENSOR SUPPLY,3.3 V validado módulo,TBC_MEASURE (referencia 22 AWG),J10:1 / H02,—,TBC_MEASURE,"Referencia de gemelo; NO es cableado aprobado. R-S señal. Validar pin real, polaridad y corte DC. Longitud TBC_MEASURE",PENDING_PHYSICAL_VALIDATION
W070,SENS-27,GND,CMP-06,GND,SENSOR RETURN,0 V,TBC_MEASURE (referencia 22 AWG),H02,—,TBC_MEASURE,"Referencia de gemelo; NO es cableado aprobado. R-S posterior señal. Validar pin real, polaridad y corte DC. Longitud TBC_MEASURE",PENDING_PHYSICAL_VALIDATION
W071,CMP-06,3V3 pin36,SENS-28,VCC,SENSOR SUPPLY,3.3 V validado módulo,TBC_MEASURE (referencia 22 AWG),J10:1 / H02,—,TBC_MEASURE,"Referencia de gemelo; NO es cableado aprobado. R-S señal. Validar pin real, polaridad y corte DC. Longitud TBC_MEASURE",PENDING_PHYSICAL_VALIDATION
W072,SENS-28,GND,CMP-06,GND,SENSOR RETURN,0 V,TBC_MEASURE (referencia 22 AWG),H02,—,TBC_MEASURE,"Referencia de gemelo; NO es cableado aprobado. R-S posterior señal. Validar pin real, polaridad y corte DC. Longitud TBC_MEASURE",PENDING_PHYSICAL_VALIDATION
W073,CMP-06,3V3 pin36,SENS-29,VCC,SENSOR SUPPLY,3.3 V validado módulo,TBC_MEASURE (referencia 22 AWG),J10:1 / H02,—,TBC_MEASURE,"Referencia de gemelo; NO es cableado aprobado. R-S señal. Validar pin real, polaridad y corte DC. Longitud TBC_MEASURE",PENDING_PHYSICAL_VALIDATION
W074,SENS-29,GND,CMP-06,GND,SENSOR RETURN,0 V,TBC_MEASURE (referencia 22 AWG),H02,—,TBC_MEASURE,"Referencia de gemelo; NO es cableado aprobado. R-S posterior señal. Validar pin real, polaridad y corte DC. Longitud TBC_MEASURE",PENDING_PHYSICAL_VALIDATION
W075,CMP-06,3V3 pin36,SENS-30,VCC,SENSOR SUPPLY,3.3 V validado módulo,TBC_MEASURE (referencia 22 AWG),J10:1 / H02,—,TBC_MEASURE,"Referencia de gemelo; NO es cableado aprobado. R-S señal. Validar pin real, polaridad y corte DC. Longitud TBC_MEASURE",PENDING_PHYSICAL_VALIDATION
W076,SENS-30,GND,CMP-06,GND,SENSOR RETURN,0 V,TBC_MEASURE (referencia 22 AWG),H02,—,TBC_MEASURE,"Referencia de gemelo; NO es cableado aprobado. R-S posterior señal. Validar pin real, polaridad y corte DC. Longitud TBC_MEASURE",PENDING_PHYSICAL_VALIDATION
W077,SENS-24,COM seco,CMP-06,GND,CONTACT RETURN,0 V,TBC_MEASURE (referencia 22 AWG),H02,—,TBC_MEASURE,"Referencia de gemelo; NO es cableado aprobado. R-S posterior señal. Validar pin real, polaridad y corte DC. Longitud TBC_MEASURE",PENDING_PHYSICAL_VALIDATION
W078,SENS-22,COM seco,CMP-06,GND,CONTACT RETURN,0 V,TBC_MEASURE (referencia 22 AWG),H02,—,TBC_MEASURE,"Referencia de gemelo; NO es cableado aprobado. R-S posterior señal. Validar pin real, polaridad y corte DC. Longitud TBC_MEASURE",PENDING_PHYSICAL_VALIDATION
W079,SENS-23,COM seco,CMP-06,GND,CONTACT RETURN,0 V,TBC_MEASURE (referencia 22 AWG),H02,—,TBC_MEASURE,"Referencia de gemelo; NO es cableado aprobado. R-S posterior señal. Validar pin real, polaridad y corte DC. Longitud TBC_MEASURE",PENDING_PHYSICAL_VALIDATION
W080,SENS-26,COM seco,CMP-06,GND,CONTACT RETURN,0 V,TBC_MEASURE (referencia 22 AWG),H02,—,TBC_MEASURE,"Referencia de gemelo; NO es cableado aprobado. R-S posterior señal. Validar pin real, polaridad y corte DC. Longitud TBC_MEASURE",PENDING_PHYSICAL_VALIDATION
W081,SENS-ROT0,COM seco,CMP-06,GND,CONTACT RETURN,0 V,TBC_MEASURE (referencia 22 AWG),H02,—,TBC_MEASURE,"Referencia de gemelo; NO es cableado aprobado. R-S posterior señal. Validar pin real, polaridad y corte DC. Longitud TBC_MEASURE",PENDING_PHYSICAL_VALIDATION
W082,SENS-ROT1,COM seco,CMP-06,GND,CONTACT RETURN,0 V,TBC_MEASURE (referencia 22 AWG),H02,—,TBC_MEASURE,"Referencia de gemelo; NO es cableado aprobado. R-S posterior señal. Validar pin real, polaridad y corte DC. Longitud TBC_MEASURE",PENDING_PHYSICAL_VALIDATION
W083,SENS-ROT2,COM seco,CMP-06,GND,CONTACT RETURN,0 V,TBC_MEASURE (referencia 22 AWG),H02,—,TBC_MEASURE,"Referencia de gemelo; NO es cableado aprobado. R-S posterior señal. Validar pin real, polaridad y corte DC. Longitud TBC_MEASURE",PENDING_PHYSICAL_VALIDATION
W084,SENS-ROT3,COM seco,CMP-06,GND,CONTACT RETURN,0 V,TBC_MEASURE (referencia 22 AWG),H02,—,TBC_MEASURE,"Referencia de gemelo; NO es cableado aprobado. R-S posterior señal. Validar pin real, polaridad y corte DC. Longitud TBC_MEASURE",PENDING_PHYSICAL_VALIDATION
W085,SENS-25,COM seco,CMP-06,GND,CONTACT RETURN,0 V,TBC_MEASURE (referencia 22 AWG),H02,—,TBC_MEASURE,"Referencia de gemelo; NO es cableado aprobado. R-S posterior señal. Validar pin real, polaridad y corte DC. Longitud TBC_MEASURE",PENDING_PHYSICAL_VALIDATION
W086,ELEC-HX711,E+,SENS-19,E+,LOAD BRIDGE,puente,TBC_MEASURE (referencia 22 AWG),J12:1,—,TBC_MEASURE,"Referencia de gemelo; NO es cableado aprobado. R-HX corto junto celda; bucle flexible. Validar pin real, polaridad y corte DC. Longitud TBC_MEASURE",PENDING_PHYSICAL_VALIDATION
W087,ELEC-HX711,E−,SENS-19,E−,LOAD BRIDGE,puente,TBC_MEASURE (referencia 22 AWG),J12:2,—,TBC_MEASURE,"Referencia de gemelo; NO es cableado aprobado. R-HX corto junto celda; bucle flexible. Validar pin real, polaridad y corte DC. Longitud TBC_MEASURE",PENDING_PHYSICAL_VALIDATION
W088,ELEC-HX711,A+,SENS-19,A+,LOAD BRIDGE,puente,TBC_MEASURE (referencia 22 AWG),J12:3,—,TBC_MEASURE,"Referencia de gemelo; NO es cableado aprobado. R-HX corto junto celda; bucle flexible. Validar pin real, polaridad y corte DC. Longitud TBC_MEASURE",PENDING_PHYSICAL_VALIDATION
W089,ELEC-HX711,A−,SENS-19,A−,LOAD BRIDGE,puente,TBC_MEASURE (referencia 22 AWG),J12:4,—,TBC_MEASURE,"Referencia de gemelo; NO es cableado aprobado. R-HX corto junto celda; bucle flexible. Validar pin real, polaridad y corte DC. Longitud TBC_MEASURE",PENDING_PHYSICAL_VALIDATION
W090,SAFE-35,OUT,SAFE-33,NC,SAFETY CHAIN,12 V control TBC,TBC_MEASURE (referencia 22 AWG),J14 / Faston,SAFE-38-ACTIVE,TBC_MEASURE,"Referencia de gemelo; NO es cableado aprobado. R-P control físico. Validar pin real, polaridad y corte DC. Longitud TBC_MEASURE",PENDING_PHYSICAL_VALIDATION
W091,SAFE-33,NC OUT,SENS-24,polo corte,SAFETY CHAIN,12 V control TBC,TBC_MEASURE (referencia 22 AWG),J14 / Faston,SAFE-38-ACTIVE,TBC_MEASURE,"Referencia de gemelo; NO es cableado aprobado. R-P control físico. Validar pin real, polaridad y corte DC. Longitud TBC_MEASURE",PENDING_PHYSICAL_VALIDATION
W092,SENS-24,polo corte OUT,SENS-25,polo corte,SAFETY CHAIN,12 V control TBC,TBC_MEASURE (referencia 22 AWG),J14 / Faston,SAFE-38-ACTIVE,TBC_MEASURE,"Referencia de gemelo; NO es cableado aprobado. R-P control físico. Validar pin real, polaridad y corte DC. Longitud TBC_MEASURE",PENDING_PHYSICAL_VALIDATION
W093,SENS-25,polo corte OUT,SAFE-34,autorización bobina,SAFETY CHAIN,12 V control TBC,TBC_MEASURE (referencia 22 AWG),J14 / Faston,SAFE-38-ACTIVE,TBC_MEASURE,"Referencia de gemelo; NO es cableado aprobado. R-P control físico. Validar pin real, polaridad y corte DC. Longitud TBC_MEASURE",PENDING_PHYSICAL_VALIDATION
W094,SENS-26,contacto rearme,SAFE-34,retención,SAFETY CHAIN,12 V control TBC,TBC_MEASURE (referencia 22 AWG),J14 / Faston,SAFE-38-ACTIVE,TBC_MEASURE,"Referencia de gemelo; NO es cableado aprobado. R-P control físico. Validar pin real, polaridad y corte DC. Longitud TBC_MEASURE",PENDING_PHYSICAL_VALIDATION
W095,SAFE-35,OUT,ELEC-42,+,AUXILIARY,12 V,TBC_MEASURE (referencia 22 AWG),Faston,SAFE-38-ACTIVE,TBC_MEASURE,"Referencia de gemelo; NO es cableado aprobado. R-A iluminación/indicadores. Validar pin real, polaridad y corte DC. Longitud TBC_MEASURE",PENDING_PHYSICAL_VALIDATION
W096,ELEC-42,−,ELEC-31,retorno controlado AUSENTE,MISSING DRIVER,0 V,TBC_MEASURE (referencia 22 AWG),J09,—,TBC_MEASURE,"Referencia de gemelo; NO es cableado aprobado. R-A. Validar pin real, polaridad y corte DC. Longitud TBC_MEASURE",PENDING_PHYSICAL_VALIDATION
W097,SAFE-35,OUT,ELEC-43,+,AUXILIARY,12 V,TBC_MEASURE (referencia 22 AWG),Faston,SAFE-38-ACTIVE,TBC_MEASURE,"Referencia de gemelo; NO es cableado aprobado. R-A iluminación/indicadores. Validar pin real, polaridad y corte DC. Longitud TBC_MEASURE",PENDING_PHYSICAL_VALIDATION
W098,ELEC-43,−,ELEC-31,retorno controlado AUSENTE,MISSING DRIVER,0 V,TBC_MEASURE (referencia 22 AWG),J09,—,TBC_MEASURE,"Referencia de gemelo; NO es cableado aprobado. R-A. Validar pin real, polaridad y corte DC. Longitud TBC_MEASURE",PENDING_PHYSICAL_VALIDATION
W099,SAFE-35,OUT,ELEC-44,+,AUXILIARY,12 V,TBC_MEASURE (referencia 22 AWG),Faston,SAFE-38-ACTIVE,TBC_MEASURE,"Referencia de gemelo; NO es cableado aprobado. R-A iluminación/indicadores. Validar pin real, polaridad y corte DC. Longitud TBC_MEASURE",PENDING_PHYSICAL_VALIDATION
W100,ELEC-44,−,ELEC-31,retorno controlado AUSENTE,MISSING DRIVER,0 V,TBC_MEASURE (referencia 22 AWG),J09,—,TBC_MEASURE,"Referencia de gemelo; NO es cableado aprobado. R-A. Validar pin real, polaridad y corte DC. Longitud TBC_MEASURE",PENDING_PHYSICAL_VALIDATION
W101,SAFE-35,OUT,ELEC-45,+,AUXILIARY,12 V auxiliar TBC,TBC_MEASURE (referencia 22 AWG),J06,SAFE-38-ACTIVE,TBC_MEASURE,"Referencia de gemelo; NO es cableado aprobado. R-A iluminación/indicadores. Validar pin real, polaridad y corte DC. Longitud TBC_MEASURE",PENDING_PHYSICAL_VALIDATION
W102,ELEC-45,−,ELEC-31,retorno controlado AUSENTE,LED DRIVER TBC,0 V,TBC_MEASURE (referencia 22 AWG),J06,—,TBC_MEASURE,"Referencia de gemelo; NO es cableado aprobado. R-A. Validar pin real, polaridad y corte DC. Longitud TBC_MEASURE",PENDING_PHYSICAL_VALIDATION
W103,ELEC-41-0,A/K,SAFE-34,bobina/retención TBC,DIODE,12 V control,TBC_MEASURE (referencia 22 AWG),soldado aislado,—,TBC_MEASURE,"Referencia de gemelo; NO es cableado aprobado. R-P control. Validar pin real, polaridad y corte DC. Longitud TBC_MEASURE",PENDING_PHYSICAL_VALIDATION
W104,ELEC-41-1,A/K,SAFE-34,bobina/retención TBC,DIODE,12 V control,TBC_MEASURE (referencia 22 AWG),soldado aislado,—,TBC_MEASURE,"Referencia de gemelo; NO es cableado aprobado. R-P control. Validar pin real, polaridad y corte DC. Longitud TBC_MEASURE",PENDING_PHYSICAL_VALIDATION
W105,3V3_LOGIC,3V3,MVP-83,A,nEN_PULLUP,3V3,TBC_MEASURE,TBC_MODEL,TBC_MODEL,TBC_MEASURE,"Referencia de gemelo; NO es cableado aprobado. ARQUITECTURA PROPUESTA: sustituye referencias antiguas al aprobar ECN; pins reales TBC_MODEL. Validar pin real, polaridad y corte DC. Longitud TBC_MEASURE",PENDING_PHYSICAL_VALIDATION
W106,MVP-83,B,CMP-06,GPIO2,nEN,3V3,TBC_MEASURE,TBC_MODEL,TBC_MODEL,TBC_MEASURE,"Referencia de gemelo; NO es cableado aprobado. ARQUITECTURA PROPUESTA: sustituye referencias antiguas al aprobar ECN; pins reales TBC_MODEL. Validar pin real, polaridad y corte DC. Longitud TBC_MEASURE",PENDING_PHYSICAL_VALIDATION
W107,ACTUATOR_BUS,+12V_CUT,MVP-84,INPUT_PLUS_TBC,POWER_FEEDBACK_IN,12V_CUT,TBC_MEASURE,TBC_MODEL,TBC_MODEL,TBC_MEASURE,"Referencia de gemelo; NO es cableado aprobado. ARQUITECTURA PROPUESTA: sustituye referencias antiguas al aprobar ECN; pins reales TBC_MODEL. Validar pin real, polaridad y corte DC. Longitud TBC_MEASURE",PENDING_PHYSICAL_VALIDATION
W108,ACTUATOR_BUS,GND_ACT,MVP-84,INPUT_MINUS_TBC,POWER_FEEDBACK_RETURN,0V_ACT,TBC_MEASURE,TBC_MODEL,TBC_MODEL,TBC_MEASURE,"Referencia de gemelo; NO es cableado aprobado. ARQUITECTURA PROPUESTA: sustituye referencias antiguas al aprobar ECN; pins reales TBC_MODEL. Validar pin real, polaridad y corte DC. Longitud TBC_MEASURE",PENDING_PHYSICAL_VALIDATION
W109,MVP-84,OUTPUT_3V3_TBC,CMP-06,GPIO28,ACTUATOR_POWER_FEEDBACK,3V3_MAX,TBC_MEASURE,TBC_MODEL,TBC_MODEL,TBC_MEASURE,"Referencia de gemelo; NO es cableado aprobado. ARQUITECTURA PROPUESTA: sustituye referencias antiguas al aprobar ECN; pins reales TBC_MODEL. Validar pin real, polaridad y corte DC. Longitud TBC_MEASURE",PENDING_PHYSICAL_VALIDATION
W110,MVP-84,OUTPUT_RETURN_TBC,CMP-06,GND,SIGNAL_REFERENCE,0V_LOGIC,TBC_MEASURE,TBC_MODEL,TBC_MODEL,TBC_MEASURE,"Referencia de gemelo; NO es cableado aprobado. ARQUITECTURA PROPUESTA: sustituye referencias antiguas al aprobar ECN; pins reales TBC_MODEL. Validar pin real, polaridad y corte DC. Longitud TBC_MEASURE",PENDING_PHYSICAL_VALIDATION
W111,SAFE-35,OUT_F_MAIN,SAFE-33,NC_IN_TBC,SAFETY_CHAIN,12V_CONTROL,TBC_MEASURE,TBC_MODEL,TBC_MODEL,TBC_MEASURE,"Referencia de gemelo; NO es cableado aprobado. ARQUITECTURA PROPUESTA: sustituye referencias antiguas al aprobar ECN; pins reales TBC_MODEL. Validar pin real, polaridad y corte DC. Longitud TBC_MEASURE",PENDING_PHYSICAL_VALIDATION
W112,SAFE-33,NC_OUT_TBC,SENS-24,SAFETY_NC_IN_TBC,SAFETY_CHAIN,12V_CONTROL,TBC_MEASURE,TBC_MODEL,TBC_MODEL,TBC_MEASURE,"Referencia de gemelo; NO es cableado aprobado. ARQUITECTURA PROPUESTA: sustituye referencias antiguas al aprobar ECN; pins reales TBC_MODEL. Validar pin real, polaridad y corte DC. Longitud TBC_MEASURE",PENDING_PHYSICAL_VALIDATION
W113,SENS-24,SAFETY_NC_OUT_TBC,SENS-25,SAFETY_NC_IN_TBC,SAFETY_CHAIN,12V_CONTROL,TBC_MEASURE,TBC_MODEL,TBC_MODEL,TBC_MEASURE,"Referencia de gemelo; NO es cableado aprobado. ARQUITECTURA PROPUESTA: sustituye referencias antiguas al aprobar ECN; pins reales TBC_MODEL. Validar pin real, polaridad y corte DC. Longitud TBC_MEASURE",PENDING_PHYSICAL_VALIDATION
W114,SENS-25,SAFETY_NC_OUT_TBC,SAFE-34,MANUAL_ENABLE_LATCH_INPUT_TBC,SAFETY_CHAIN,12V_CONTROL,TBC_MEASURE,TBC_MODEL,TBC_MODEL,TBC_MEASURE,"Referencia de gemelo; NO es cableado aprobado. ARQUITECTURA PROPUESTA: sustituye referencias antiguas al aprobar ECN; pins reales TBC_MODEL. Validar pin real, polaridad y corte DC. Longitud TBC_MEASURE",PENDING_PHYSICAL_VALIDATION
W115,SAFE-34,COIL_RETURN_TBC,ELEC-31,RETURN,SAFETY_CHAIN_RETURN,0V_ACT,TBC_MEASURE,TBC_MODEL,TBC_MODEL,TBC_MEASURE,"Referencia de gemelo; NO es cableado aprobado. ARQUITECTURA PROPUESTA: sustituye referencias antiguas al aprobar ECN; pins reales TBC_MODEL. Validar pin real, polaridad y corte DC. Longitud TBC_MEASURE",PENDING_PHYSICAL_VALIDATION
W116,SAFE-35,OUT_F_MAIN,SAFE-34,DC_CONTACT_IN_TBC,DC_CUT_POWER,12V,TBC_MEASURE,TBC_MODEL,TBC_MODEL,TBC_MEASURE,"Referencia de gemelo; NO es cableado aprobado. ARQUITECTURA PROPUESTA: sustituye referencias antiguas al aprobar ECN; pins reales TBC_MODEL. Validar pin real, polaridad y corte DC. Longitud TBC_MEASURE",PENDING_PHYSICAL_VALIDATION
W117,SAFE-34,DC_CONTACT_OUT_TBC,ACTUATOR_BUS,+12V_CUT,DC_CUT_POWER,12V_CUT,TBC_MEASURE,TBC_MODEL,TBC_MODEL,TBC_MEASURE,"Referencia de gemelo; NO es cableado aprobado. ARQUITECTURA PROPUESTA: sustituye referencias antiguas al aprobar ECN; pins reales TBC_MODEL. Validar pin real, polaridad y corte DC. Longitud TBC_MEASURE",PENDING_PHYSICAL_VALIDATION
W118,ACTUATOR_BUS,+12V_CUT,SAFE-36,MOTOR_FUSE_IN,MOTOR_POWER,12V_CUT,TBC_MEASURE,TBC_MODEL,TBC_MODEL,TBC_MEASURE,"Referencia de gemelo; NO es cableado aprobado. ARQUITECTURA PROPUESTA: sustituye referencias antiguas al aprobar ECN; pins reales TBC_MODEL. Validar pin real, polaridad y corte DC. Longitud TBC_MEASURE",PENDING_PHYSICAL_VALIDATION
W119,ACTUATOR_BUS,+12V_CUT,SAFE-37,SERVO_FUSE_IN,SERVO_POWER,12V_CUT,TBC_MEASURE,TBC_MODEL,TBC_MODEL,TBC_MEASURE,"Referencia de gemelo; NO es cableado aprobado. ARQUITECTURA PROPUESTA: sustituye referencias antiguas al aprobar ECN; pins reales TBC_MODEL. Validar pin real, polaridad y corte DC. Longitud TBC_MEASURE",PENDING_PHYSICAL_VALIDATION
